edf177ee-7e81-4785-821e-ac3d13094ec9.txt,1125.0209
edf177ee-7e81-4785-821e-ac3d13094ec9.txt,954.5122
edf177ee-7e81-4785-821e-ac3d13094ec9.txt,1423.1558
edf177ee-7e81-4785-821e-ac3d13094ec9.txt,1300.4374
edf177ee-7e81-4785-821e-ac3d13094ec9.txt,1003.60736
edf177ee-7e81-4785-821e-ac3d13094ec9.txt,808.80084
edf177ee-7e81-4785-821e-ac3d13094ec9.txt,627.5246
edf177ee-7e81-4785-821e-ac3d13094ec9.txt,656.4448
edf177ee-7e81-4785-821e-ac3d13094ec9.txt,940.54474
edf177ee-7e81-4785-821e-ac3d13094ec9.txt,1204.8077
edf177ee-7e81-4785-821e-ac3d13094ec9.txt,991.58
edf177ee-7e81-4785-821e-ac3d13094ec9.txt,551.6118
edf177ee-7e81-4785-821e-ac3d13094ec9.txt,537.1121
edf177ee-7e81-4785-821e-ac3d13094ec9.txt,654.0794
edf177ee-7e81-4785-821e-ac3d13094ec9.txt,397.86768
edf177ee-7e81-4785-821e-ac3d13094ec9.txt,422.3461
edf177ee-7e81-4785-821e-ac3d13094ec9.txt,821.5427
edf177ee-7e81-4785-821e-ac3d13094ec9.txt,278.9762
edf177ee-7e81-4785-821e-ac3d13094ec9.txt,868.3945
edf177ee-7e81-4785-821e-ac3d13094ec9.txt,824.0406
edf177ee-7e81-4785-821e-ac3d13094ec9.txt,472.9581
edf177ee-7e81-4785-821e-ac3d13094ec9.txt,487.74374
edf177ee-7e81-4785-821e-ac3d13094ec9.txt,781.03876
edf177ee-7e81-4785-821e-ac3d13094ec9.txt,585.3479
edf177ee-7e81-4785-821e-ac3d13094ec9.txt,950.50195
edf177ee-7e81-4785-821e-ac3d13094ec9.txt,482.1891
edf177ee-7e81-4785-821e-ac3d13094ec9.txt,312.58224
edf177ee-7e81-4785-821e-ac3d13094ec9.txt,813.764
edf177ee-7e81-4785-821e-ac3d13094ec9.txt,815.01636
edf177ee-7e81-4785-821e-ac3d13094ec9.txt,756.1811
fba3897b-9201-47f1-a20f-482894296f93.txt,550.6984
fba3897b-9201-47f1-a20f-482894296f93.txt,315.7532
fba3897b-9201-47f1-a20f-482894296f93.txt,582.5906
fba3897b-9201-47f1-a20f-482894296f93.txt,216.81853
fba3897b-9201-47f1-a20f-482894296f93.txt,816.58594
fba3897b-9201-47f1-a20f-482894296f93.txt,685.94434
fba3897b-9201-47f1-a20f-482894296f93.txt,740.8333
fba3897b-9201-47f1-a20f-482894296f93.txt,771.72327
fba3897b-9201-47f1-a20f-482894296f93.txt,784.0378
fba3897b-9201-47f1-a20f-482894296f93.txt,559.5102
fba3897b-9201-47f1-a20f-482894296f93.txt,306.71564
fba3897b-9201-47f1-a20f-482894296f93.txt,895.3917
fba3897b-9201-47f1-a20f-482894296f93.txt,1243.662
fba3897b-9201-47f1-a20f-482894296f93.txt,1374.801
fba3897b-9201-47f1-a20f-482894296f93.txt,773.1664
fba3897b-9201-47f1-a20f-482894296f93.txt,936.3535
fba3897b-9201-47f1-a20f-482894296f93.txt,1483.189
fba3897b-9201-47f1-a20f-482894296f93.txt,326.55597
fba3897b-9201-47f1-a20f-482894296f93.txt,475.54834
e9d2fb45-61b1-477c-97c3-fe939922403e.txt,627.68854
e9d2fb45-61b1-477c-97c3-fe939922403e.txt,1489.5847
e9d2fb45-61b1-477c-97c3-fe939922403e.txt,363.74606
e9d2fb45-61b1-477c-97c3-fe939922403e.txt,1182.0588
e9d2fb45-61b1-477c-97c3-fe939922403e.txt,1423.708
e9d2fb45-61b1-477c-97c3-fe939922403e.txt,414.40067
e9d2fb45-61b1-477c-97c3-fe939922403e.txt,1130.47
e9d2fb45-61b1-477c-97c3-fe939922403e.txt,548.9731
e9d2fb45-61b1-477c-97c3-fe939922403e.txt,731.0561
e9d2fb45-61b1-477c-97c3-fe939922403e.txt,739.23334
e9d2fb45-61b1-477c-97c3-fe939922403e.txt,1097.85
e9d2fb45-61b1-477c-97c3-fe939922403e.txt,1401.8788
e9d2fb45-61b1-477c-97c3-fe939922403e.txt,815.5971
e9d2fb45-61b1-477c-97c3-fe939922403e.txt,930.8276
e9d2fb45-61b1-477c-97c3-fe939922403e.txt,652.5257
e9d2fb45-61b1-477c-97c3-fe939922403e.txt,790.3229
e9d2fb45-61b1-477c-97c3-fe939922403e.txt,494.9267
e9d2fb45-61b1-477c-97c3-fe939922403e.txt,464.13083
e9d2fb45-61b1-477c-97c3-fe939922403e.txt,774.0906
e9d2fb45-61b1-477c-97c3-fe939922403e.txt,1288.8369
e9d2fb45-61b1-477c-97c3-fe939922403e.txt,735.1983
e9d2fb45-61b1-477c-97c3-fe939922403e.txt,796.56616
f205bc21-e3db-4772-8cc0-ab5674c6a3be.txt,652.1017
f205bc21-e3db-4772-8cc0-ab5674c6a3be.txt,1033.7563
f205bc21-e3db-4772-8cc0-ab5674c6a3be.txt,662.17755
f205bc21-e3db-4772-8cc0-ab5674c6a3be.txt,759.30414
f205bc21-e3db-4772-8cc0-ab5674c6a3be.txt,620.4906
f205bc21-e3db-4772-8cc0-ab5674c6a3be.txt,430.70883
f205bc21-e3db-4772-8cc0-ab5674c6a3be.txt,492.79352
f205bc21-e3db-4772-8cc0-ab5674c6a3be.txt,482.2326
f205bc21-e3db-4772-8cc0-ab5674c6a3be.txt,308.90524
f205bc21-e3db-4772-8cc0-ab5674c6a3be.txt,1397.9822
f205bc21-e3db-4772-8cc0-ab5674c6a3be.txt,472.43747
f205bc21-e3db-4772-8cc0-ab5674c6a3be.txt,1045.1163
f205bc21-e3db-4772-8cc0-ab5674c6a3be.txt,1144.0836
f205bc21-e3db-4772-8cc0-ab5674c6a3be.txt,845.394
f205bc21-e3db-4772-8cc0-ab5674c6a3be.txt,460.76913
f205bc21-e3db-4772-8cc0-ab5674c6a3be.txt,150.55482
f205bc21-e3db-4772-8cc0-ab5674c6a3be.txt,587.37396
f205bc21-e3db-4772-8cc0-ab5674c6a3be.txt,740.3065
f205bc21-e3db-4772-8cc0-ab5674c6a3be.txt,1299.384
f205bc21-e3db-4772-8cc0-ab5674c6a3be.txt,839.92163
f205bc21-e3db-4772-8cc0-ab5674c6a3be.txt,369.61755
f205bc21-e3db-4772-8cc0-ab5674c6a3be.txt,477.0749
f205bc21-e3db-4772-8cc0-ab5674c6a3be.txt,292.26736
f205bc21-e3db-4772-8cc0-ab5674c6a3be.txt,639.2393
f205bc21-e3db-4772-8cc0-ab5674c6a3be.txt,829.12726
f205bc21-e3db-4772-8cc0-ab5674c6a3be.txt,415.16437
f205bc21-e3db-4772-8cc0-ab5674c6a3be.txt,416.37024
f205bc21-e3db-4772-8cc0-ab5674c6a3be.txt,507.86536
e43d7999-48c6-45d1-9412-0ebdd2f02b42.txt,494.9815
e43d7999-48c6-45d1-9412-0ebdd2f02b42.txt,402.952
e43d7999-48c6-45d1-9412-0ebdd2f02b42.txt,701.4546
e43d7999-48c6-45d1-9412-0ebdd2f02b42.txt,527.2532
e43d7999-48c6-45d1-9412-0ebdd2f02b42.txt,1051.143
e43d7999-48c6-45d1-9412-0ebdd2f02b42.txt,624.5985
e43d7999-48c6-45d1-9412-0ebdd2f02b42.txt,927.94385
e43d7999-48c6-45d1-9412-0ebdd2f02b42.txt,499.2726
e43d7999-48c6-45d1-9412-0ebdd2f02b42.txt,721.6582
e43d7999-48c6-45d1-9412-0ebdd2f02b42.txt,853.6319
e43d7999-48c6-45d1-9412-0ebdd2f02b42.txt,474.1726
e43d7999-48c6-45d1-9412-0ebdd2f02b42.txt,2822.6199
e43d7999-48c6-45d1-9412-0ebdd2f02b42.txt,1576.1973
e43d7999-48c6-45d1-9412-0ebdd2f02b42.txt,618.7207
e43d7999-48c6-45d1-9412-0ebdd2f02b42.txt,1016.11066
e43d7999-48c6-45d1-9412-0ebdd2f02b42.txt,713.92316
e43d7999-48c6-45d1-9412-0ebdd2f02b42.txt,382.82773
e43d7999-48c6-45d1-9412-0ebdd2f02b42.txt,616.88153
e43d7999-48c6-45d1-9412-0ebdd2f02b42.txt,623.5732
e43d7999-48c6-45d1-9412-0ebdd2f02b42.txt,618.67017
e43d7999-48c6-45d1-9412-0ebdd2f02b42.txt,702.3854
e43d7999-48c6-45d1-9412-0ebdd2f02b42.txt,809.66736
e43d7999-48c6-45d1-9412-0ebdd2f02b42.txt,872.7604
e43d7999-48c6-45d1-9412-0ebdd2f02b42.txt,1281.9668
df28992f-86b9-479e-ae50-fa952fb8934a.txt,1487.469
df28992f-86b9-479e-ae50-fa952fb8934a.txt,562.7721
df28992f-86b9-479e-ae50-fa952fb8934a.txt,413.90808
df28992f-86b9-479e-ae50-fa952fb8934a.txt,695.2386
df28992f-86b9-479e-ae50-fa952fb8934a.txt,518.7847
df28992f-86b9-479e-ae50-fa952fb8934a.txt,1185.4807
df28992f-86b9-479e-ae50-fa952fb8934a.txt,613.3619
df28992f-86b9-479e-ae50-fa952fb8934a.txt,653.4328
df28992f-86b9-479e-ae50-fa952fb8934a.txt,1301.0345
df28992f-86b9-479e-ae50-fa952fb8934a.txt,312.90506
df28992f-86b9-479e-ae50-fa952fb8934a.txt,1625.6455
df28992f-86b9-479e-ae50-fa952fb8934a.txt,708.4736
df28992f-86b9-479e-ae50-fa952fb8934a.txt,747.1349
df28992f-86b9-479e-ae50-fa952fb8934a.txt,770.67426
df28992f-86b9-479e-ae50-fa952fb8934a.txt,571.4907
df28992f-86b9-479e-ae50-fa952fb8934a.txt,989.8776
df28992f-86b9-479e-ae50-fa952fb8934a.txt,615.7038
df28992f-86b9-479e-ae50-fa952fb8934a.txt,790.2157
df28992f-86b9-479e-ae50-fa952fb8934a.txt,734.41656
df28992f-86b9-479e-ae50-fa952fb8934a.txt,672.6663
df28992f-86b9-479e-ae50-fa952fb8934a.txt,531.29144
df28992f-86b9-479e-ae50-fa952fb8934a.txt,714.7814
df28992f-86b9-479e-ae50-fa952fb8934a.txt,951.5243
df28992f-86b9-479e-ae50-fa952fb8934a.txt,1056.528
dc4f606c-1769-4b56-b65d-9fbb61435f22.txt,1830.9231
dc4f606c-1769-4b56-b65d-9fbb61435f22.txt,325.88626
dc4f606c-1769-4b56-b65d-9fbb61435f22.txt,576.9487
dc4f606c-1769-4b56-b65d-9fbb61435f22.txt,769.6398
dc4f606c-1769-4b56-b65d-9fbb61435f22.txt,897.85626
dc4f606c-1769-4b56-b65d-9fbb61435f22.txt,1105.4896
dc4f606c-1769-4b56-b65d-9fbb61435f22.txt,1137.1729
dc4f606c-1769-4b56-b65d-9fbb61435f22.txt,347.93063
dc4f606c-1769-4b56-b65d-9fbb61435f22.txt,356.48218
dc4f606c-1769-4b56-b65d-9fbb61435f22.txt,506.85986
dc4f606c-1769-4b56-b65d-9fbb61435f22.txt,389.83743
dc4f606c-1769-4b56-b65d-9fbb61435f22.txt,957.9716
dc4f606c-1769-4b56-b65d-9fbb61435f22.txt,460.78876
dc4f606c-1769-4b56-b65d-9fbb61435f22.txt,200.35844
dc4f606c-1769-4b56-b65d-9fbb61435f22.txt,618.61255
dc4f606c-1769-4b56-b65d-9fbb61435f22.txt,604.1158
dc4f606c-1769-4b56-b65d-9fbb61435f22.txt,571.6289
dc4f606c-1769-4b56-b65d-9fbb61435f22.txt,626.9961
dc4f606c-1769-4b56-b65d-9fbb61435f22.txt,509.4954
dc4f606c-1769-4b56-b65d-9fbb61435f22.txt,1015.3093
dc4f606c-1769-4b56-b65d-9fbb61435f22.txt,678.497
dc4f606c-1769-4b56-b65d-9fbb61435f22.txt,1186.8098
dc4f606c-1769-4b56-b65d-9fbb61435f22.txt,630.9619
dc4f606c-1769-4b56-b65d-9fbb61435f22.txt,840.63855
dc4f606c-1769-4b56-b65d-9fbb61435f22.txt,598.8461
dc4f606c-1769-4b56-b65d-9fbb61435f22.txt,348.8176
dc4f606c-1769-4b56-b65d-9fbb61435f22.txt,1075.215
dc4f606c-1769-4b56-b65d-9fbb61435f22.txt,645.1065
dc4f606c-1769-4b56-b65d-9fbb61435f22.txt,351.34512
e512256f-bed0-4b62-a47b-f2abbad01f65.txt,1445.7844
e512256f-bed0-4b62-a47b-f2abbad01f65.txt,1103.4233
e512256f-bed0-4b62-a47b-f2abbad01f65.txt,1713.9353
e512256f-bed0-4b62-a47b-f2abbad01f65.txt,292.70648
e512256f-bed0-4b62-a47b-f2abbad01f65.txt,1280.3704
e512256f-bed0-4b62-a47b-f2abbad01f65.txt,1311.5737
e512256f-bed0-4b62-a47b-f2abbad01f65.txt,992.27216
e512256f-bed0-4b62-a47b-f2abbad01f65.txt,1029.6567
e512256f-bed0-4b62-a47b-f2abbad01f65.txt,853.8516
e512256f-bed0-4b62-a47b-f2abbad01f65.txt,905.914
e512256f-bed0-4b62-a47b-f2abbad01f65.txt,877.6177
e512256f-bed0-4b62-a47b-f2abbad01f65.txt,794.75226
e512256f-bed0-4b62-a47b-f2abbad01f65.txt,1052.9863
e512256f-bed0-4b62-a47b-f2abbad01f65.txt,548.5979
e512256f-bed0-4b62-a47b-f2abbad01f65.txt,811.5428
e512256f-bed0-4b62-a47b-f2abbad01f65.txt,692.35004
e512256f-bed0-4b62-a47b-f2abbad01f65.txt,1317.7671
e512256f-bed0-4b62-a47b-f2abbad01f65.txt,1131.3524
e512256f-bed0-4b62-a47b-f2abbad01f65.txt,527.0509
e512256f-bed0-4b62-a47b-f2abbad01f65.txt,627.3966
e512256f-bed0-4b62-a47b-f2abbad01f65.txt,554.6992
e512256f-bed0-4b62-a47b-f2abbad01f65.txt,1156.2144
e512256f-bed0-4b62-a47b-f2abbad01f65.txt,871.503
e512256f-bed0-4b62-a47b-f2abbad01f65.txt,1006.4886
e512256f-bed0-4b62-a47b-f2abbad01f65.txt,369.2452
e512256f-bed0-4b62-a47b-f2abbad01f65.txt,1050.2278
e512256f-bed0-4b62-a47b-f2abbad01f65.txt,1488.5106
e512256f-bed0-4b62-a47b-f2abbad01f65.txt,536.3885
e512256f-bed0-4b62-a47b-f2abbad01f65.txt,72.86168
e512256f-bed0-4b62-a47b-f2abbad01f65.txt,1155.5044
e512256f-bed0-4b62-a47b-f2abbad01f65.txt,1190.2153
e512256f-bed0-4b62-a47b-f2abbad01f65.txt,466.67685
e512256f-bed0-4b62-a47b-f2abbad01f65.txt,1465.6221
e512256f-bed0-4b62-a47b-f2abbad01f65.txt,647.90137
e512256f-bed0-4b62-a47b-f2abbad01f65.txt,573.5331
fdb84684-0901-4eac-938c-5345eeea688a.txt,729.5838
fdb84684-0901-4eac-938c-5345eeea688a.txt,598.5937
fdb84684-0901-4eac-938c-5345eeea688a.txt,574.21173
fdb84684-0901-4eac-938c-5345eeea688a.txt,971.26105
fdb84684-0901-4eac-938c-5345eeea688a.txt,217.83156
fdb84684-0901-4eac-938c-5345eeea688a.txt,737.7805
fc3263d4-5019-4fb1-9581-97c48849f72c.txt,982.78894
fc3263d4-5019-4fb1-9581-97c48849f72c.txt,828.17426
fc3263d4-5019-4fb1-9581-97c48849f72c.txt,1224.7979
fc3263d4-5019-4fb1-9581-97c48849f72c.txt,1029.6749
fc3263d4-5019-4fb1-9581-97c48849f72c.txt,1273.0283
fc3263d4-5019-4fb1-9581-97c48849f72c.txt,644.9966
fc3263d4-5019-4fb1-9581-97c48849f72c.txt,937.7236
fc3263d4-5019-4fb1-9581-97c48849f72c.txt,900.8731
fc3263d4-5019-4fb1-9581-97c48849f72c.txt,1747.0483
fc3263d4-5019-4fb1-9581-97c48849f72c.txt,2126.8657
fc3263d4-5019-4fb1-9581-97c48849f72c.txt,480.1334
fc3263d4-5019-4fb1-9581-97c48849f72c.txt,451.12592
fc3263d4-5019-4fb1-9581-97c48849f72c.txt,358.35913
fc3263d4-5019-4fb1-9581-97c48849f72c.txt,802.34796
fc3263d4-5019-4fb1-9581-97c48849f72c.txt,930.20435
fc3263d4-5019-4fb1-9581-97c48849f72c.txt,458.5541
fc3263d4-5019-4fb1-9581-97c48849f72c.txt,1175.7479
fc3263d4-5019-4fb1-9581-97c48849f72c.txt,1958.0538
fc3263d4-5019-4fb1-9581-97c48849f72c.txt,1411.48
fc3263d4-5019-4fb1-9581-97c48849f72c.txt,1051.1034
fc3263d4-5019-4fb1-9581-97c48849f72c.txt,621.8886
fc3263d4-5019-4fb1-9581-97c48849f72c.txt,777.68164
fc3263d4-5019-4fb1-9581-97c48849f72c.txt,847.4382
f38697d8-a839-4285-b96f-76a565e71bc9.txt,562.6393
f38697d8-a839-4285-b96f-76a565e71bc9.txt,507.60825
f38697d8-a839-4285-b96f-76a565e71bc9.txt,1080.0507
f38697d8-a839-4285-b96f-76a565e71bc9.txt,1312.1315
f38697d8-a839-4285-b96f-76a565e71bc9.txt,484.79382
f38697d8-a839-4285-b96f-76a565e71bc9.txt,156.13474
f38697d8-a839-4285-b96f-76a565e71bc9.txt,517.101
f38697d8-a839-4285-b96f-76a565e71bc9.txt,516.4031
f38697d8-a839-4285-b96f-76a565e71bc9.txt,582.98004
f38697d8-a839-4285-b96f-76a565e71bc9.txt,1436.2316
f38697d8-a839-4285-b96f-76a565e71bc9.txt,515.0075
f38697d8-a839-4285-b96f-76a565e71bc9.txt,686.57556
f38697d8-a839-4285-b96f-76a565e71bc9.txt,889.6963
f38697d8-a839-4285-b96f-76a565e71bc9.txt,438.86533
f38697d8-a839-4285-b96f-76a565e71bc9.txt,616.7189
f38697d8-a839-4285-b96f-76a565e71bc9.txt,843.3397
f38697d8-a839-4285-b96f-76a565e71bc9.txt,966.4303
f38697d8-a839-4285-b96f-76a565e71bc9.txt,1112.4836
f38697d8-a839-4285-b96f-76a565e71bc9.txt,555.3085
f38697d8-a839-4285-b96f-76a565e71bc9.txt,893.3906
f38697d8-a839-4285-b96f-76a565e71bc9.txt,444.92426
f38697d8-a839-4285-b96f-76a565e71bc9.txt,651.804
f38697d8-a839-4285-b96f-76a565e71bc9.txt,478.3335
f38697d8-a839-4285-b96f-76a565e71bc9.txt,1473.7935
f38697d8-a839-4285-b96f-76a565e71bc9.txt,580.77216
f38697d8-a839-4285-b96f-76a565e71bc9.txt,650.2784
e0fbab22-035e-4179-beb6-c70ec71386c5.txt,922.58276
e0fbab22-035e-4179-beb6-c70ec71386c5.txt,1225.4685
e0fbab22-035e-4179-beb6-c70ec71386c5.txt,924.32306
e0fbab22-035e-4179-beb6-c70ec71386c5.txt,626.5639
e0fbab22-035e-4179-beb6-c70ec71386c5.txt,1086.5559
e0fbab22-035e-4179-beb6-c70ec71386c5.txt,899.6084
e0fbab22-035e-4179-beb6-c70ec71386c5.txt,617.21246
e0fbab22-035e-4179-beb6-c70ec71386c5.txt,860.401
e0fbab22-035e-4179-beb6-c70ec71386c5.txt,625.9148
e0fbab22-035e-4179-beb6-c70ec71386c5.txt,508.59064
e0fbab22-035e-4179-beb6-c70ec71386c5.txt,775.08093
e0fbab22-035e-4179-beb6-c70ec71386c5.txt,906.43225
e0fbab22-035e-4179-beb6-c70ec71386c5.txt,526.37244
e0fbab22-035e-4179-beb6-c70ec71386c5.txt,953.39246
e0fbab22-035e-4179-beb6-c70ec71386c5.txt,878.6263
e0fbab22-035e-4179-beb6-c70ec71386c5.txt,517.2169
e0fbab22-035e-4179-beb6-c70ec71386c5.txt,881.70526
e0fbab22-035e-4179-beb6-c70ec71386c5.txt,843.9999
e0fbab22-035e-4179-beb6-c70ec71386c5.txt,768.68567
e0fbab22-035e-4179-beb6-c70ec71386c5.txt,605.5573
e0fbab22-035e-4179-beb6-c70ec71386c5.txt,714.27374
e0fbab22-035e-4179-beb6-c70ec71386c5.txt,727.76227
e0fbab22-035e-4179-beb6-c70ec71386c5.txt,686.7185
f20e88e8-3173-4bef-b05b-338f0098ad04.txt,473.41122
f20e88e8-3173-4bef-b05b-338f0098ad04.txt,586.8529
f20e88e8-3173-4bef-b05b-338f0098ad04.txt,600.6101
f20e88e8-3173-4bef-b05b-338f0098ad04.txt,948.92847
f20e88e8-3173-4bef-b05b-338f0098ad04.txt,281.11786
f20e88e8-3173-4bef-b05b-338f0098ad04.txt,520.7053
f20e88e8-3173-4bef-b05b-338f0098ad04.txt,1728.1079
f20e88e8-3173-4bef-b05b-338f0098ad04.txt,791.2078
f20e88e8-3173-4bef-b05b-338f0098ad04.txt,994.15717
f20e88e8-3173-4bef-b05b-338f0098ad04.txt,1440.6338
f20e88e8-3173-4bef-b05b-338f0098ad04.txt,395.98697
f20e88e8-3173-4bef-b05b-338f0098ad04.txt,677.94635
f20e88e8-3173-4bef-b05b-338f0098ad04.txt,596.16205
f20e88e8-3173-4bef-b05b-338f0098ad04.txt,683.98444
f20e88e8-3173-4bef-b05b-338f0098ad04.txt,573.49084
f20e88e8-3173-4bef-b05b-338f0098ad04.txt,393.8883
f20e88e8-3173-4bef-b05b-338f0098ad04.txt,501.58954
f20e88e8-3173-4bef-b05b-338f0098ad04.txt,808.8263
f20e88e8-3173-4bef-b05b-338f0098ad04.txt,401.18454
f20e88e8-3173-4bef-b05b-338f0098ad04.txt,1193.8458
da8d7e0b-488e-403a-9304-a251006a94c9.txt,495.91733
da8d7e0b-488e-403a-9304-a251006a94c9.txt,754.3826
da8d7e0b-488e-403a-9304-a251006a94c9.txt,1194.7487
da8d7e0b-488e-403a-9304-a251006a94c9.txt,330.34866
da8d7e0b-488e-403a-9304-a251006a94c9.txt,137.24362
da8d7e0b-488e-403a-9304-a251006a94c9.txt,378.8884
da8d7e0b-488e-403a-9304-a251006a94c9.txt,518.4774
da8d7e0b-488e-403a-9304-a251006a94c9.txt,560.3238
da8d7e0b-488e-403a-9304-a251006a94c9.txt,875.84937
da8d7e0b-488e-403a-9304-a251006a94c9.txt,562.17316
da8d7e0b-488e-403a-9304-a251006a94c9.txt,475.88663
da8d7e0b-488e-403a-9304-a251006a94c9.txt,407.97955
da8d7e0b-488e-403a-9304-a251006a94c9.txt,681.7774
da8d7e0b-488e-403a-9304-a251006a94c9.txt,1098.9781
da8d7e0b-488e-403a-9304-a251006a94c9.txt,318.73737
da8d7e0b-488e-403a-9304-a251006a94c9.txt,607.1322
da8d7e0b-488e-403a-9304-a251006a94c9.txt,1509.3878
da8d7e0b-488e-403a-9304-a251006a94c9.txt,1020.1655
da8d7e0b-488e-403a-9304-a251006a94c9.txt,968.99805
da8d7e0b-488e-403a-9304-a251006a94c9.txt,545.9511
da8d7e0b-488e-403a-9304-a251006a94c9.txt,881.6505
da8d7e0b-488e-403a-9304-a251006a94c9.txt,710.98175
da8d7e0b-488e-403a-9304-a251006a94c9.txt,724.3419
ea4f09c2-3f30-488f-bb62-b7ee0f9e791e.txt,1590.8612
ea4f09c2-3f30-488f-bb62-b7ee0f9e791e.txt,530.378
ea4f09c2-3f30-488f-bb62-b7ee0f9e791e.txt,672.70355
ea4f09c2-3f30-488f-bb62-b7ee0f9e791e.txt,598.1586
ea4f09c2-3f30-488f-bb62-b7ee0f9e791e.txt,660.667
ea4f09c2-3f30-488f-bb62-b7ee0f9e791e.txt,538.75446
ea4f09c2-3f30-488f-bb62-b7ee0f9e791e.txt,1327.284
ea4f09c2-3f30-488f-bb62-b7ee0f9e791e.txt,1585.5143
ea4f09c2-3f30-488f-bb62-b7ee0f9e791e.txt,354.09186
ea4f09c2-3f30-488f-bb62-b7ee0f9e791e.txt,879.9644
ea4f09c2-3f30-488f-bb62-b7ee0f9e791e.txt,921.7266
ea4f09c2-3f30-488f-bb62-b7ee0f9e791e.txt,557.62775
ea4f09c2-3f30-488f-bb62-b7ee0f9e791e.txt,686.2769
ea4f09c2-3f30-488f-bb62-b7ee0f9e791e.txt,786.7272
ea4f09c2-3f30-488f-bb62-b7ee0f9e791e.txt,1506.085
ea4f09c2-3f30-488f-bb62-b7ee0f9e791e.txt,686.1239
ea4f09c2-3f30-488f-bb62-b7ee0f9e791e.txt,784.0397
ea4f09c2-3f30-488f-bb62-b7ee0f9e791e.txt,769.5744
ea4f09c2-3f30-488f-bb62-b7ee0f9e791e.txt,469.01776
ea4f09c2-3f30-488f-bb62-b7ee0f9e791e.txt,547.5483
ea4f09c2-3f30-488f-bb62-b7ee0f9e791e.txt,812.1645
ea4f09c2-3f30-488f-bb62-b7ee0f9e791e.txt,1207.7604
ea4f09c2-3f30-488f-bb62-b7ee0f9e791e.txt,951.201
ea4f09c2-3f30-488f-bb62-b7ee0f9e791e.txt,557.2201
ea4f09c2-3f30-488f-bb62-b7ee0f9e791e.txt,921.8322
ea4f09c2-3f30-488f-bb62-b7ee0f9e791e.txt,1635.0563
e2f7f587-4ab9-4040-a903-cd268bbb2505.txt,239.18832
e2f7f587-4ab9-4040-a903-cd268bbb2505.txt,754.4338
e2f7f587-4ab9-4040-a903-cd268bbb2505.txt,1565.5831
e2f7f587-4ab9-4040-a903-cd268bbb2505.txt,723.275
e2f7f587-4ab9-4040-a903-cd268bbb2505.txt,750.2764
e2f7f587-4ab9-4040-a903-cd268bbb2505.txt,722.1724
e2f7f587-4ab9-4040-a903-cd268bbb2505.txt,1053.6375
e2f7f587-4ab9-4040-a903-cd268bbb2505.txt,1039.708
e2f7f587-4ab9-4040-a903-cd268bbb2505.txt,1274.997
e2f7f587-4ab9-4040-a903-cd268bbb2505.txt,651.0474
e2f7f587-4ab9-4040-a903-cd268bbb2505.txt,700.74646
e2f7f587-4ab9-4040-a903-cd268bbb2505.txt,458.31512
e2f7f587-4ab9-4040-a903-cd268bbb2505.txt,471.39612
e2f7f587-4ab9-4040-a903-cd268bbb2505.txt,343.4137
e2f7f587-4ab9-4040-a903-cd268bbb2505.txt,540.60297
e2f7f587-4ab9-4040-a903-cd268bbb2505.txt,758.94275
e2f7f587-4ab9-4040-a903-cd268bbb2505.txt,565.3185
e2f7f587-4ab9-4040-a903-cd268bbb2505.txt,673.6458
e2f7f587-4ab9-4040-a903-cd268bbb2505.txt,706.7001
e2f7f587-4ab9-4040-a903-cd268bbb2505.txt,1023.82947
e2f7f587-4ab9-4040-a903-cd268bbb2505.txt,928.12726
e2f7f587-4ab9-4040-a903-cd268bbb2505.txt,576.47076
e2f7f587-4ab9-4040-a903-cd268bbb2505.txt,458.53787
e2f7f587-4ab9-4040-a903-cd268bbb2505.txt,979.0572
e2f7f587-4ab9-4040-a903-cd268bbb2505.txt,672.1721
e2f7f587-4ab9-4040-a903-cd268bbb2505.txt,385.5081
e2f7f587-4ab9-4040-a903-cd268bbb2505.txt,336.28445
e2f7f587-4ab9-4040-a903-cd268bbb2505.txt,79.024956
e2f7f587-4ab9-4040-a903-cd268bbb2505.txt,891.7804
e2f7f587-4ab9-4040-a903-cd268bbb2505.txt,742.96344
e411b92e-b930-482b-aed5-1f6a6dd89a29.txt,438.07825
e411b92e-b930-482b-aed5-1f6a6dd89a29.txt,873.19
e411b92e-b930-482b-aed5-1f6a6dd89a29.txt,671.4544
e411b92e-b930-482b-aed5-1f6a6dd89a29.txt,579.5874
e411b92e-b930-482b-aed5-1f6a6dd89a29.txt,418.9657
e411b92e-b930-482b-aed5-1f6a6dd89a29.txt,577.3799
e411b92e-b930-482b-aed5-1f6a6dd89a29.txt,88.38844
e411b92e-b930-482b-aed5-1f6a6dd89a29.txt,626.98566
e411b92e-b930-482b-aed5-1f6a6dd89a29.txt,1276.9204
e411b92e-b930-482b-aed5-1f6a6dd89a29.txt,686.5591
e411b92e-b930-482b-aed5-1f6a6dd89a29.txt,463.28012
e411b92e-b930-482b-aed5-1f6a6dd89a29.txt,780.1495
e411b92e-b930-482b-aed5-1f6a6dd89a29.txt,550.0645
e411b92e-b930-482b-aed5-1f6a6dd89a29.txt,966.9558
e411b92e-b930-482b-aed5-1f6a6dd89a29.txt,863.57086
e411b92e-b930-482b-aed5-1f6a6dd89a29.txt,1018.3222
e411b92e-b930-482b-aed5-1f6a6dd89a29.txt,1380.865
e411b92e-b930-482b-aed5-1f6a6dd89a29.txt,810.8321
e411b92e-b930-482b-aed5-1f6a6dd89a29.txt,966.2342
e411b92e-b930-482b-aed5-1f6a6dd89a29.txt,438.95978
e411b92e-b930-482b-aed5-1f6a6dd89a29.txt,929.59485
e411b92e-b930-482b-aed5-1f6a6dd89a29.txt,1056.5723
e411b92e-b930-482b-aed5-1f6a6dd89a29.txt,965.75745
e411b92e-b930-482b-aed5-1f6a6dd89a29.txt,704.2573
e411b92e-b930-482b-aed5-1f6a6dd89a29.txt,1676.0743
e411b92e-b930-482b-aed5-1f6a6dd89a29.txt,333.75433
e411b92e-b930-482b-aed5-1f6a6dd89a29.txt,368.37354
ecea2a86-3075-4f21-8a4d-be726d38a518.txt,1189.1064
ecea2a86-3075-4f21-8a4d-be726d38a518.txt,934.3858
ecea2a86-3075-4f21-8a4d-be726d38a518.txt,564.4434
ecea2a86-3075-4f21-8a4d-be726d38a518.txt,570.861
ecea2a86-3075-4f21-8a4d-be726d38a518.txt,605.4029
ecea2a86-3075-4f21-8a4d-be726d38a518.txt,484.73083
ecea2a86-3075-4f21-8a4d-be726d38a518.txt,567.9567
ecea2a86-3075-4f21-8a4d-be726d38a518.txt,650.4641
ecea2a86-3075-4f21-8a4d-be726d38a518.txt,560.614
ecea2a86-3075-4f21-8a4d-be726d38a518.txt,861.8629
ecea2a86-3075-4f21-8a4d-be726d38a518.txt,714.2723
ecea2a86-3075-4f21-8a4d-be726d38a518.txt,562.32196
ecea2a86-3075-4f21-8a4d-be726d38a518.txt,470.21072
ecea2a86-3075-4f21-8a4d-be726d38a518.txt,455.3739
ecea2a86-3075-4f21-8a4d-be726d38a518.txt,937.5486
ecea2a86-3075-4f21-8a4d-be726d38a518.txt,627.6085
ecea2a86-3075-4f21-8a4d-be726d38a518.txt,779.9101
ecea2a86-3075-4f21-8a4d-be726d38a518.txt,1164.2344
ecea2a86-3075-4f21-8a4d-be726d38a518.txt,278.8318
ecea2a86-3075-4f21-8a4d-be726d38a518.txt,495.0097
ecea2a86-3075-4f21-8a4d-be726d38a518.txt,691.55634
ecea2a86-3075-4f21-8a4d-be726d38a518.txt,352.7137
ecea2a86-3075-4f21-8a4d-be726d38a518.txt,668.26544
ecea2a86-3075-4f21-8a4d-be726d38a518.txt,1129.0098
ecea2a86-3075-4f21-8a4d-be726d38a518.txt,1071.3561
ecea2a86-3075-4f21-8a4d-be726d38a518.txt,722.6447
ecea2a86-3075-4f21-8a4d-be726d38a518.txt,2253.2422
dcbffcb9-e492-4165-b450-dcb9ef242808.txt,565.5978
dcbffcb9-e492-4165-b450-dcb9ef242808.txt,529.2885
dcbffcb9-e492-4165-b450-dcb9ef242808.txt,1279.6454
dcbffcb9-e492-4165-b450-dcb9ef242808.txt,587.1195
dcbffcb9-e492-4165-b450-dcb9ef242808.txt,1228.1182
dcbffcb9-e492-4165-b450-dcb9ef242808.txt,796.8138
dcbffcb9-e492-4165-b450-dcb9ef242808.txt,1376.3015
dcbffcb9-e492-4165-b450-dcb9ef242808.txt,1138.8531
dcbffcb9-e492-4165-b450-dcb9ef242808.txt,613.9009
dcbffcb9-e492-4165-b450-dcb9ef242808.txt,1059.9255
dcbffcb9-e492-4165-b450-dcb9ef242808.txt,751.57874
dcbffcb9-e492-4165-b450-dcb9ef242808.txt,443.56763
dcbffcb9-e492-4165-b450-dcb9ef242808.txt,734.17535
dcbffcb9-e492-4165-b450-dcb9ef242808.txt,691.5124
dcbffcb9-e492-4165-b450-dcb9ef242808.txt,635.1554
dcbffcb9-e492-4165-b450-dcb9ef242808.txt,123.68237
dcbffcb9-e492-4165-b450-dcb9ef242808.txt,1328.9872
dcbffcb9-e492-4165-b450-dcb9ef242808.txt,497.57678
dcbffcb9-e492-4165-b450-dcb9ef242808.txt,463.65
dcbffcb9-e492-4165-b450-dcb9ef242808.txt,717.293
dcbffcb9-e492-4165-b450-dcb9ef242808.txt,617.5058
dcbffcb9-e492-4165-b450-dcb9ef242808.txt,624.04535
dcbffcb9-e492-4165-b450-dcb9ef242808.txt,589.4583
dcbffcb9-e492-4165-b450-dcb9ef242808.txt,592.5145
dcbffcb9-e492-4165-b450-dcb9ef242808.txt,807.04224
dcbffcb9-e492-4165-b450-dcb9ef242808.txt,2822.8098
dcbffcb9-e492-4165-b450-dcb9ef242808.txt,850.3004
dcbffcb9-e492-4165-b450-dcb9ef242808.txt,738.56195
f8c6f1a5-031e-4f4c-a0cb-4c7a6624cbca.txt,807.4381
f8c6f1a5-031e-4f4c-a0cb-4c7a6624cbca.txt,851.45
f8c6f1a5-031e-4f4c-a0cb-4c7a6624cbca.txt,905.4471
f8c6f1a5-031e-4f4c-a0cb-4c7a6624cbca.txt,1097.8416
f8c6f1a5-031e-4f4c-a0cb-4c7a6624cbca.txt,623.45966
f8c6f1a5-031e-4f4c-a0cb-4c7a6624cbca.txt,429.18634
f8c6f1a5-031e-4f4c-a0cb-4c7a6624cbca.txt,669.79706
f8c6f1a5-031e-4f4c-a0cb-4c7a6624cbca.txt,424.553
f8c6f1a5-031e-4f4c-a0cb-4c7a6624cbca.txt,522.92035
f8c6f1a5-031e-4f4c-a0cb-4c7a6624cbca.txt,1050.9974
f8c6f1a5-031e-4f4c-a0cb-4c7a6624cbca.txt,911.3019
f8c6f1a5-031e-4f4c-a0cb-4c7a6624cbca.txt,1155.0408
f8c6f1a5-031e-4f4c-a0cb-4c7a6624cbca.txt,1069.6256
f8c6f1a5-031e-4f4c-a0cb-4c7a6624cbca.txt,547.6184
f8c6f1a5-031e-4f4c-a0cb-4c7a6624cbca.txt,451.8276
f8c6f1a5-031e-4f4c-a0cb-4c7a6624cbca.txt,354.55237
f8c6f1a5-031e-4f4c-a0cb-4c7a6624cbca.txt,605.4761
f8c6f1a5-031e-4f4c-a0cb-4c7a6624cbca.txt,594.2476
f8c6f1a5-031e-4f4c-a0cb-4c7a6624cbca.txt,645.74097
f8c6f1a5-031e-4f4c-a0cb-4c7a6624cbca.txt,68.98464
f8c6f1a5-031e-4f4c-a0cb-4c7a6624cbca.txt,1156.683
f8c6f1a5-031e-4f4c-a0cb-4c7a6624cbca.txt,442.2493
f8c6f1a5-031e-4f4c-a0cb-4c7a6624cbca.txt,562.8495
f8c6f1a5-031e-4f4c-a0cb-4c7a6624cbca.txt,868.86096
f8c6f1a5-031e-4f4c-a0cb-4c7a6624cbca.txt,713.5401
f8c6f1a5-031e-4f4c-a0cb-4c7a6624cbca.txt,683.13434
f8c6f1a5-031e-4f4c-a0cb-4c7a6624cbca.txt,892.3144
db1ec952-8b2a-493e-8354-deb684996768.txt,801.1032
db1ec952-8b2a-493e-8354-deb684996768.txt,1272.8248
db1ec952-8b2a-493e-8354-deb684996768.txt,1482.8069
db1ec952-8b2a-493e-8354-deb684996768.txt,1053.7606
db1ec952-8b2a-493e-8354-deb684996768.txt,1474.9436
db1ec952-8b2a-493e-8354-deb684996768.txt,569.44104
db1ec952-8b2a-493e-8354-deb684996768.txt,867.4891
db1ec952-8b2a-493e-8354-deb684996768.txt,1221.206
db1ec952-8b2a-493e-8354-deb684996768.txt,1146.8345
db1ec952-8b2a-493e-8354-deb684996768.txt,1315.8713
db1ec952-8b2a-493e-8354-deb684996768.txt,934.7239
db1ec952-8b2a-493e-8354-deb684996768.txt,679.39215
db1ec952-8b2a-493e-8354-deb684996768.txt,636.30707
db1ec952-8b2a-493e-8354-deb684996768.txt,512.4968
db1ec952-8b2a-493e-8354-deb684996768.txt,1334.0627
db1ec952-8b2a-493e-8354-deb684996768.txt,835.3226
db1ec952-8b2a-493e-8354-deb684996768.txt,584.58734
db1ec952-8b2a-493e-8354-deb684996768.txt,867.68665
db1ec952-8b2a-493e-8354-deb684996768.txt,669.0005
daea9817-45a7-443d-843d-7ab2cda4531c.txt,868.56824
daea9817-45a7-443d-843d-7ab2cda4531c.txt,1104.0118
daea9817-45a7-443d-843d-7ab2cda4531c.txt,1068.7147
daea9817-45a7-443d-843d-7ab2cda4531c.txt,502.08633
daea9817-45a7-443d-843d-7ab2cda4531c.txt,1062.6553
daea9817-45a7-443d-843d-7ab2cda4531c.txt,905.9966
daea9817-45a7-443d-843d-7ab2cda4531c.txt,466.58966
daea9817-45a7-443d-843d-7ab2cda4531c.txt,675.9073
daea9817-45a7-443d-843d-7ab2cda4531c.txt,975.29034
daea9817-45a7-443d-843d-7ab2cda4531c.txt,906.55554
daea9817-45a7-443d-843d-7ab2cda4531c.txt,1229.4205
daea9817-45a7-443d-843d-7ab2cda4531c.txt,702.4185
daea9817-45a7-443d-843d-7ab2cda4531c.txt,638.4424
daea9817-45a7-443d-843d-7ab2cda4531c.txt,325.88516
daea9817-45a7-443d-843d-7ab2cda4531c.txt,1509.6415
daea9817-45a7-443d-843d-7ab2cda4531c.txt,697.5285
daea9817-45a7-443d-843d-7ab2cda4531c.txt,804.7249
daea9817-45a7-443d-843d-7ab2cda4531c.txt,825.54913
daea9817-45a7-443d-843d-7ab2cda4531c.txt,981.3394
daea9817-45a7-443d-843d-7ab2cda4531c.txt,1632.6427
daea9817-45a7-443d-843d-7ab2cda4531c.txt,985.0911
daea9817-45a7-443d-843d-7ab2cda4531c.txt,701.5128
daea9817-45a7-443d-843d-7ab2cda4531c.txt,636.6496
daea9817-45a7-443d-843d-7ab2cda4531c.txt,356.16495
daea9817-45a7-443d-843d-7ab2cda4531c.txt,1101.8904
daea9817-45a7-443d-843d-7ab2cda4531c.txt,598.07434
daea9817-45a7-443d-843d-7ab2cda4531c.txt,601.8564
daea9817-45a7-443d-843d-7ab2cda4531c.txt,847.8421
e9938fd9-84a3-4765-9d68-021c7adeeeda.txt,1146.4404
e9938fd9-84a3-4765-9d68-021c7adeeeda.txt,801.33386
e9938fd9-84a3-4765-9d68-021c7adeeeda.txt,712.7378
e9938fd9-84a3-4765-9d68-021c7adeeeda.txt,524.5467
e9938fd9-84a3-4765-9d68-021c7adeeeda.txt,666.8303
e9938fd9-84a3-4765-9d68-021c7adeeeda.txt,692.3394
e9938fd9-84a3-4765-9d68-021c7adeeeda.txt,940.85046
e9938fd9-84a3-4765-9d68-021c7adeeeda.txt,699.7033
e9938fd9-84a3-4765-9d68-021c7adeeeda.txt,517.8187
e9938fd9-84a3-4765-9d68-021c7adeeeda.txt,846.58215
e9938fd9-84a3-4765-9d68-021c7adeeeda.txt,722.73755
e9938fd9-84a3-4765-9d68-021c7adeeeda.txt,527.80756
e9938fd9-84a3-4765-9d68-021c7adeeeda.txt,437.80136
e9938fd9-84a3-4765-9d68-021c7adeeeda.txt,250.34329
e9938fd9-84a3-4765-9d68-021c7adeeeda.txt,556.56885
e9938fd9-84a3-4765-9d68-021c7adeeeda.txt,661.4218
e9938fd9-84a3-4765-9d68-021c7adeeeda.txt,591.3612
e9938fd9-84a3-4765-9d68-021c7adeeeda.txt,691.62177
e9938fd9-84a3-4765-9d68-021c7adeeeda.txt,1131.6472
e9938fd9-84a3-4765-9d68-021c7adeeeda.txt,662.24866
ea3cd249-bd0a-49b8-ad9e-9f5d0eba26fe.txt,845.5671
ea3cd249-bd0a-49b8-ad9e-9f5d0eba26fe.txt,449.05923
ea3cd249-bd0a-49b8-ad9e-9f5d0eba26fe.txt,1032.7191
ea3cd249-bd0a-49b8-ad9e-9f5d0eba26fe.txt,968.8255
ea3cd249-bd0a-49b8-ad9e-9f5d0eba26fe.txt,1378.635
ea3cd249-bd0a-49b8-ad9e-9f5d0eba26fe.txt,1257.1147
ea3cd249-bd0a-49b8-ad9e-9f5d0eba26fe.txt,1378.8975
ea3cd249-bd0a-49b8-ad9e-9f5d0eba26fe.txt,829.98706
ea3cd249-bd0a-49b8-ad9e-9f5d0eba26fe.txt,822.18146
ea3cd249-bd0a-49b8-ad9e-9f5d0eba26fe.txt,599.30396
ea3cd249-bd0a-49b8-ad9e-9f5d0eba26fe.txt,963.6815
ea3cd249-bd0a-49b8-ad9e-9f5d0eba26fe.txt,792.7411
ea3cd249-bd0a-49b8-ad9e-9f5d0eba26fe.txt,854.1386
ea3cd249-bd0a-49b8-ad9e-9f5d0eba26fe.txt,606.6183
ea3cd249-bd0a-49b8-ad9e-9f5d0eba26fe.txt,1876.5009
ea3cd249-bd0a-49b8-ad9e-9f5d0eba26fe.txt,817.7458
ea3cd249-bd0a-49b8-ad9e-9f5d0eba26fe.txt,1072.3429
ea3cd249-bd0a-49b8-ad9e-9f5d0eba26fe.txt,631.87537
ea3cd249-bd0a-49b8-ad9e-9f5d0eba26fe.txt,589.3372
ea3cd249-bd0a-49b8-ad9e-9f5d0eba26fe.txt,816.745
ea3cd249-bd0a-49b8-ad9e-9f5d0eba26fe.txt,375.49036
ea3cd249-bd0a-49b8-ad9e-9f5d0eba26fe.txt,990.1862
ea3cd249-bd0a-49b8-ad9e-9f5d0eba26fe.txt,573.8904
dfb2d390-d52e-45f6-a163-2c895fe76d93.txt,712.89465
dfb2d390-d52e-45f6-a163-2c895fe76d93.txt,580.3581
dfb2d390-d52e-45f6-a163-2c895fe76d93.txt,398.80212
dfb2d390-d52e-45f6-a163-2c895fe76d93.txt,625.1482
dfb2d390-d52e-45f6-a163-2c895fe76d93.txt,492.93033
dfb2d390-d52e-45f6-a163-2c895fe76d93.txt,600.0997
dfb2d390-d52e-45f6-a163-2c895fe76d93.txt,398.0391
dfb2d390-d52e-45f6-a163-2c895fe76d93.txt,384.60956
dfb2d390-d52e-45f6-a163-2c895fe76d93.txt,2106.4521
dfb2d390-d52e-45f6-a163-2c895fe76d93.txt,1066.5862
dfb2d390-d52e-45f6-a163-2c895fe76d93.txt,1374.022
dfb2d390-d52e-45f6-a163-2c895fe76d93.txt,524.38135
dfb2d390-d52e-45f6-a163-2c895fe76d93.txt,652.4288
dfb2d390-d52e-45f6-a163-2c895fe76d93.txt,410.7362
dfb2d390-d52e-45f6-a163-2c895fe76d93.txt,1231.5969
dfb2d390-d52e-45f6-a163-2c895fe76d93.txt,636.4423
dfb2d390-d52e-45f6-a163-2c895fe76d93.txt,972.44446
dfb2d390-d52e-45f6-a163-2c895fe76d93.txt,1365.6792
dfb2d390-d52e-45f6-a163-2c895fe76d93.txt,738.4964
dfb2d390-d52e-45f6-a163-2c895fe76d93.txt,1167.5796
dfb2d390-d52e-45f6-a163-2c895fe76d93.txt,1065.2024
dfb2d390-d52e-45f6-a163-2c895fe76d93.txt,374.86362
dfb2d390-d52e-45f6-a163-2c895fe76d93.txt,491.88803
dfb2d390-d52e-45f6-a163-2c895fe76d93.txt,577.40857
dfb2d390-d52e-45f6-a163-2c895fe76d93.txt,1191.4105
dfb2d390-d52e-45f6-a163-2c895fe76d93.txt,860.4199
dfd88174-3adb-4796-931c-d117017cd54c.txt,446.53082
dfd88174-3adb-4796-931c-d117017cd54c.txt,715.2894
dfd88174-3adb-4796-931c-d117017cd54c.txt,1005.36694
dfd88174-3adb-4796-931c-d117017cd54c.txt,1167.462
dfd88174-3adb-4796-931c-d117017cd54c.txt,274.1728
dfd88174-3adb-4796-931c-d117017cd54c.txt,1000.62787
dfd88174-3adb-4796-931c-d117017cd54c.txt,499.76498
dfd88174-3adb-4796-931c-d117017cd54c.txt,384.01007
dfd88174-3adb-4796-931c-d117017cd54c.txt,682.71436
dfd88174-3adb-4796-931c-d117017cd54c.txt,671.6036
dfd88174-3adb-4796-931c-d117017cd54c.txt,549.0947
dfd88174-3adb-4796-931c-d117017cd54c.txt,511.01886
dfd88174-3adb-4796-931c-d117017cd54c.txt,617.1013
dfd88174-3adb-4796-931c-d117017cd54c.txt,947.39734
dfd88174-3adb-4796-931c-d117017cd54c.txt,505.7275
dfd88174-3adb-4796-931c-d117017cd54c.txt,1066.1047
dfd88174-3adb-4796-931c-d117017cd54c.txt,577.3708
dfd88174-3adb-4796-931c-d117017cd54c.txt,376.7333
dfd88174-3adb-4796-931c-d117017cd54c.txt,1050.514
dfd88174-3adb-4796-931c-d117017cd54c.txt,917.71344
dfd88174-3adb-4796-931c-d117017cd54c.txt,1705.0126
dfd88174-3adb-4796-931c-d117017cd54c.txt,591.0317
dfd88174-3adb-4796-931c-d117017cd54c.txt,816.6612
dfd88174-3adb-4796-931c-d117017cd54c.txt,946.806
dfd88174-3adb-4796-931c-d117017cd54c.txt,1341.0857
dfd88174-3adb-4796-931c-d117017cd54c.txt,473.9613
dfd88174-3adb-4796-931c-d117017cd54c.txt,1436.7551
f00144bc-e347-497f-9523-55ed8512780a.txt,1000.41156
f00144bc-e347-497f-9523-55ed8512780a.txt,802.86066
f00144bc-e347-497f-9523-55ed8512780a.txt,565.8818
f00144bc-e347-497f-9523-55ed8512780a.txt,950.18805
f00144bc-e347-497f-9523-55ed8512780a.txt,981.83984
f00144bc-e347-497f-9523-55ed8512780a.txt,672.11237
f00144bc-e347-497f-9523-55ed8512780a.txt,1748.359
f00144bc-e347-497f-9523-55ed8512780a.txt,637.1007
f00144bc-e347-497f-9523-55ed8512780a.txt,603.9745
f00144bc-e347-497f-9523-55ed8512780a.txt,468.48914
f00144bc-e347-497f-9523-55ed8512780a.txt,664.14606
f00144bc-e347-497f-9523-55ed8512780a.txt,443.46313
f00144bc-e347-497f-9523-55ed8512780a.txt,471.4975
f00144bc-e347-497f-9523-55ed8512780a.txt,776.2086
f00144bc-e347-497f-9523-55ed8512780a.txt,726.9396
f00144bc-e347-497f-9523-55ed8512780a.txt,767.3037
f00144bc-e347-497f-9523-55ed8512780a.txt,1042.5067
f00144bc-e347-497f-9523-55ed8512780a.txt,1641.2528
f00144bc-e347-497f-9523-55ed8512780a.txt,1178.1941
f00144bc-e347-497f-9523-55ed8512780a.txt,576.29486
f00144bc-e347-497f-9523-55ed8512780a.txt,447.37244
f00144bc-e347-497f-9523-55ed8512780a.txt,424.3437
f00144bc-e347-497f-9523-55ed8512780a.txt,1940.4751
f00144bc-e347-497f-9523-55ed8512780a.txt,687.19385
f00144bc-e347-497f-9523-55ed8512780a.txt,953.108
f00144bc-e347-497f-9523-55ed8512780a.txt,696.4538
f00144bc-e347-497f-9523-55ed8512780a.txt,1915.1934
dfcd0b0f-741a-4030-80f6-5f2b83ed7994.txt,698.62317
dfcd0b0f-741a-4030-80f6-5f2b83ed7994.txt,820.60626
dfcd0b0f-741a-4030-80f6-5f2b83ed7994.txt,861.5519
dfcd0b0f-741a-4030-80f6-5f2b83ed7994.txt,531.8204
dfcd0b0f-741a-4030-80f6-5f2b83ed7994.txt,479.2292
dfcd0b0f-741a-4030-80f6-5f2b83ed7994.txt,382.23703
dfcd0b0f-741a-4030-80f6-5f2b83ed7994.txt,615.3466
dfcd0b0f-741a-4030-80f6-5f2b83ed7994.txt,1272.7987
dfcd0b0f-741a-4030-80f6-5f2b83ed7994.txt,1098.8969
dfcd0b0f-741a-4030-80f6-5f2b83ed7994.txt,749.98816
dfcd0b0f-741a-4030-80f6-5f2b83ed7994.txt,669.02893
dfcd0b0f-741a-4030-80f6-5f2b83ed7994.txt,841.79474
dfcd0b0f-741a-4030-80f6-5f2b83ed7994.txt,958.1111
dfcd0b0f-741a-4030-80f6-5f2b83ed7994.txt,461.40347
dfcd0b0f-741a-4030-80f6-5f2b83ed7994.txt,918.77637
dfcd0b0f-741a-4030-80f6-5f2b83ed7994.txt,907.94794
dfcd0b0f-741a-4030-80f6-5f2b83ed7994.txt,965.65686
dfcd0b0f-741a-4030-80f6-5f2b83ed7994.txt,1324.2443
dfcd0b0f-741a-4030-80f6-5f2b83ed7994.txt,1009.33136
dfcd0b0f-741a-4030-80f6-5f2b83ed7994.txt,880.2057
dfcd0b0f-741a-4030-80f6-5f2b83ed7994.txt,644.32513
dfcd0b0f-741a-4030-80f6-5f2b83ed7994.txt,569.773
dfcd0b0f-741a-4030-80f6-5f2b83ed7994.txt,523.6606
d118361e-fba2-4188-8f4c-b43d0e2d3d1e.txt,842.22845
d118361e-fba2-4188-8f4c-b43d0e2d3d1e.txt,1117.7172
d118361e-fba2-4188-8f4c-b43d0e2d3d1e.txt,734.9277
d118361e-fba2-4188-8f4c-b43d0e2d3d1e.txt,1010.8703
d118361e-fba2-4188-8f4c-b43d0e2d3d1e.txt,1581.7618
d118361e-fba2-4188-8f4c-b43d0e2d3d1e.txt,421.47818
d118361e-fba2-4188-8f4c-b43d0e2d3d1e.txt,519.4114
d118361e-fba2-4188-8f4c-b43d0e2d3d1e.txt,952.44037
d118361e-fba2-4188-8f4c-b43d0e2d3d1e.txt,424.21063
d118361e-fba2-4188-8f4c-b43d0e2d3d1e.txt,1041.6373
d118361e-fba2-4188-8f4c-b43d0e2d3d1e.txt,1151.9282
d118361e-fba2-4188-8f4c-b43d0e2d3d1e.txt,558.6134
d118361e-fba2-4188-8f4c-b43d0e2d3d1e.txt,845.0626
d118361e-fba2-4188-8f4c-b43d0e2d3d1e.txt,860.15625
d118361e-fba2-4188-8f4c-b43d0e2d3d1e.txt,1433.4689
d118361e-fba2-4188-8f4c-b43d0e2d3d1e.txt,806.99146
d118361e-fba2-4188-8f4c-b43d0e2d3d1e.txt,1243.9916
d118361e-fba2-4188-8f4c-b43d0e2d3d1e.txt,983.58484
d118361e-fba2-4188-8f4c-b43d0e2d3d1e.txt,1543.4784
d118361e-fba2-4188-8f4c-b43d0e2d3d1e.txt,790.08136
d118361e-fba2-4188-8f4c-b43d0e2d3d1e.txt,1267.9803
d118361e-fba2-4188-8f4c-b43d0e2d3d1e.txt,804.7845
d118361e-fba2-4188-8f4c-b43d0e2d3d1e.txt,1421.9664
d118361e-fba2-4188-8f4c-b43d0e2d3d1e.txt,867.10156
d118361e-fba2-4188-8f4c-b43d0e2d3d1e.txt,1959.8734
d118361e-fba2-4188-8f4c-b43d0e2d3d1e.txt,881.6779
d118361e-fba2-4188-8f4c-b43d0e2d3d1e.txt,1141.5857
d118361e-fba2-4188-8f4c-b43d0e2d3d1e.txt,1312.032
d118361e-fba2-4188-8f4c-b43d0e2d3d1e.txt,433.52957
d118361e-fba2-4188-8f4c-b43d0e2d3d1e.txt,1201.1359
d118361e-fba2-4188-8f4c-b43d0e2d3d1e.txt,1123.8757
d118361e-fba2-4188-8f4c-b43d0e2d3d1e.txt,768.6475
edb83c12-83fc-4748-baa2-9c41bdfa31c2.txt,800.40735
edb83c12-83fc-4748-baa2-9c41bdfa31c2.txt,1071.2881
edb83c12-83fc-4748-baa2-9c41bdfa31c2.txt,511.80872
edb83c12-83fc-4748-baa2-9c41bdfa31c2.txt,566.84326
edb83c12-83fc-4748-baa2-9c41bdfa31c2.txt,405.3933
edb83c12-83fc-4748-baa2-9c41bdfa31c2.txt,1662.9408
edb83c12-83fc-4748-baa2-9c41bdfa31c2.txt,904.25226
edb83c12-83fc-4748-baa2-9c41bdfa31c2.txt,1347.5531
edb83c12-83fc-4748-baa2-9c41bdfa31c2.txt,570.97473
edb83c12-83fc-4748-baa2-9c41bdfa31c2.txt,212.02808
edb83c12-83fc-4748-baa2-9c41bdfa31c2.txt,431.24213
edb83c12-83fc-4748-baa2-9c41bdfa31c2.txt,171.76936
edb83c12-83fc-4748-baa2-9c41bdfa31c2.txt,132.45197
edb83c12-83fc-4748-baa2-9c41bdfa31c2.txt,645.2406
edb83c12-83fc-4748-baa2-9c41bdfa31c2.txt,745.438
edb83c12-83fc-4748-baa2-9c41bdfa31c2.txt,828.19446
edb83c12-83fc-4748-baa2-9c41bdfa31c2.txt,837.89026
edb83c12-83fc-4748-baa2-9c41bdfa31c2.txt,1890.6381
edb83c12-83fc-4748-baa2-9c41bdfa31c2.txt,950.1736
edb83c12-83fc-4748-baa2-9c41bdfa31c2.txt,604.32416
e1be2cb7-6cf8-4887-8892-c3e6c140d02d.txt,240.87254
e1be2cb7-6cf8-4887-8892-c3e6c140d02d.txt,799.45905
e1be2cb7-6cf8-4887-8892-c3e6c140d02d.txt,850.92413
e1be2cb7-6cf8-4887-8892-c3e6c140d02d.txt,433.96268
e1be2cb7-6cf8-4887-8892-c3e6c140d02d.txt,506.64047
e1be2cb7-6cf8-4887-8892-c3e6c140d02d.txt,690.1147
e1be2cb7-6cf8-4887-8892-c3e6c140d02d.txt,665.7456
e1be2cb7-6cf8-4887-8892-c3e6c140d02d.txt,427.25818
e1be2cb7-6cf8-4887-8892-c3e6c140d02d.txt,553.06885
e1be2cb7-6cf8-4887-8892-c3e6c140d02d.txt,623.8025
e1be2cb7-6cf8-4887-8892-c3e6c140d02d.txt,494.05505
e1be2cb7-6cf8-4887-8892-c3e6c140d02d.txt,675.7836
e1be2cb7-6cf8-4887-8892-c3e6c140d02d.txt,934.82745
e1be2cb7-6cf8-4887-8892-c3e6c140d02d.txt,1400.5884
e1be2cb7-6cf8-4887-8892-c3e6c140d02d.txt,1484.5541
e1be2cb7-6cf8-4887-8892-c3e6c140d02d.txt,1464.8761
e1be2cb7-6cf8-4887-8892-c3e6c140d02d.txt,1247.4717
e1be2cb7-6cf8-4887-8892-c3e6c140d02d.txt,618.1559
e1be2cb7-6cf8-4887-8892-c3e6c140d02d.txt,496.3435
e1be2cb7-6cf8-4887-8892-c3e6c140d02d.txt,408.1721
e1be2cb7-6cf8-4887-8892-c3e6c140d02d.txt,389.31558
e1be2cb7-6cf8-4887-8892-c3e6c140d02d.txt,641.5289
e1be2cb7-6cf8-4887-8892-c3e6c140d02d.txt,1068.2251
e1be2cb7-6cf8-4887-8892-c3e6c140d02d.txt,1105.5736
e1be2cb7-6cf8-4887-8892-c3e6c140d02d.txt,331.70325
e1be2cb7-6cf8-4887-8892-c3e6c140d02d.txt,572.73224
e1be2cb7-6cf8-4887-8892-c3e6c140d02d.txt,679.74945
ef53cee0-31b0-48b7-b141-927b2cb6e3e0.txt,766.0407
ef53cee0-31b0-48b7-b141-927b2cb6e3e0.txt,733.7429
ef53cee0-31b0-48b7-b141-927b2cb6e3e0.txt,1534.746
ef53cee0-31b0-48b7-b141-927b2cb6e3e0.txt,1534.2795
ef53cee0-31b0-48b7-b141-927b2cb6e3e0.txt,508.51166
ef53cee0-31b0-48b7-b141-927b2cb6e3e0.txt,667.31
ef53cee0-31b0-48b7-b141-927b2cb6e3e0.txt,629.24756
ef53cee0-31b0-48b7-b141-927b2cb6e3e0.txt,250.9954
ef53cee0-31b0-48b7-b141-927b2cb6e3e0.txt,802.8315
ef53cee0-31b0-48b7-b141-927b2cb6e3e0.txt,373.81216
ef53cee0-31b0-48b7-b141-927b2cb6e3e0.txt,852.51117
ef53cee0-31b0-48b7-b141-927b2cb6e3e0.txt,390.1572
ef53cee0-31b0-48b7-b141-927b2cb6e3e0.txt,725.9583
ef53cee0-31b0-48b7-b141-927b2cb6e3e0.txt,678.5799
ef53cee0-31b0-48b7-b141-927b2cb6e3e0.txt,415.1802
ef53cee0-31b0-48b7-b141-927b2cb6e3e0.txt,409.02423
ef53cee0-31b0-48b7-b141-927b2cb6e3e0.txt,434.2562
ef53cee0-31b0-48b7-b141-927b2cb6e3e0.txt,820.06384
ef53cee0-31b0-48b7-b141-927b2cb6e3e0.txt,383.36017
ef53cee0-31b0-48b7-b141-927b2cb6e3e0.txt,372.82294
ef53cee0-31b0-48b7-b141-927b2cb6e3e0.txt,698.3214
ef53cee0-31b0-48b7-b141-927b2cb6e3e0.txt,558.14795
dd3eb516-dc20-48e1-aec3-ae7d3f1e9b68.txt,856.65375
dd3eb516-dc20-48e1-aec3-ae7d3f1e9b68.txt,875.41425
dd3eb516-dc20-48e1-aec3-ae7d3f1e9b68.txt,1255.4283
dd3eb516-dc20-48e1-aec3-ae7d3f1e9b68.txt,903.8963
dd3eb516-dc20-48e1-aec3-ae7d3f1e9b68.txt,660.67267
dd3eb516-dc20-48e1-aec3-ae7d3f1e9b68.txt,130.45198
dd3eb516-dc20-48e1-aec3-ae7d3f1e9b68.txt,1510.4333
dd3eb516-dc20-48e1-aec3-ae7d3f1e9b68.txt,990.3791
dd3eb516-dc20-48e1-aec3-ae7d3f1e9b68.txt,620.2672
dd3eb516-dc20-48e1-aec3-ae7d3f1e9b68.txt,605.55646
dd3eb516-dc20-48e1-aec3-ae7d3f1e9b68.txt,933.02826
dd3eb516-dc20-48e1-aec3-ae7d3f1e9b68.txt,750.4786
dd3eb516-dc20-48e1-aec3-ae7d3f1e9b68.txt,537.7082
dd3eb516-dc20-48e1-aec3-ae7d3f1e9b68.txt,1110.2734
dd3eb516-dc20-48e1-aec3-ae7d3f1e9b68.txt,727.9285
dd3eb516-dc20-48e1-aec3-ae7d3f1e9b68.txt,299.44412
dd3eb516-dc20-48e1-aec3-ae7d3f1e9b68.txt,948.35925
dd3eb516-dc20-48e1-aec3-ae7d3f1e9b68.txt,1255.6206
f0086b28-73de-4163-a5e2-8b52dd63446a.txt,916.48193
f0086b28-73de-4163-a5e2-8b52dd63446a.txt,2543.515
f0086b28-73de-4163-a5e2-8b52dd63446a.txt,869.4967
f0086b28-73de-4163-a5e2-8b52dd63446a.txt,959.6439
f0086b28-73de-4163-a5e2-8b52dd63446a.txt,478.241
f0086b28-73de-4163-a5e2-8b52dd63446a.txt,402.52075
f0086b28-73de-4163-a5e2-8b52dd63446a.txt,594.7883
f0086b28-73de-4163-a5e2-8b52dd63446a.txt,739.1864
f0086b28-73de-4163-a5e2-8b52dd63446a.txt,1726.842
f0086b28-73de-4163-a5e2-8b52dd63446a.txt,1558.346
f0086b28-73de-4163-a5e2-8b52dd63446a.txt,662.5662
f0086b28-73de-4163-a5e2-8b52dd63446a.txt,705.3724
f0086b28-73de-4163-a5e2-8b52dd63446a.txt,515.1483
f0086b28-73de-4163-a5e2-8b52dd63446a.txt,663.42053
f0086b28-73de-4163-a5e2-8b52dd63446a.txt,1098.1035
f0086b28-73de-4163-a5e2-8b52dd63446a.txt,717.3365
f0086b28-73de-4163-a5e2-8b52dd63446a.txt,827.7466
f0086b28-73de-4163-a5e2-8b52dd63446a.txt,449.10178
f0086b28-73de-4163-a5e2-8b52dd63446a.txt,388.60397
f0086b28-73de-4163-a5e2-8b52dd63446a.txt,758.62714
f0086b28-73de-4163-a5e2-8b52dd63446a.txt,958.3594
f0086b28-73de-4163-a5e2-8b52dd63446a.txt,533.0381
f0086b28-73de-4163-a5e2-8b52dd63446a.txt,997.0536
f0086b28-73de-4163-a5e2-8b52dd63446a.txt,535.2138
f0086b28-73de-4163-a5e2-8b52dd63446a.txt,857.2171
fb33e23a-48be-4dba-bee5-bcb74cc77436.txt,613.91205
fb33e23a-48be-4dba-bee5-bcb74cc77436.txt,691.71515
fb33e23a-48be-4dba-bee5-bcb74cc77436.txt,2220.0107
fb33e23a-48be-4dba-bee5-bcb74cc77436.txt,1376.6877
fb33e23a-48be-4dba-bee5-bcb74cc77436.txt,676.0732
fb33e23a-48be-4dba-bee5-bcb74cc77436.txt,724.32324
fb33e23a-48be-4dba-bee5-bcb74cc77436.txt,492.916
fb33e23a-48be-4dba-bee5-bcb74cc77436.txt,765.6096
fb33e23a-48be-4dba-bee5-bcb74cc77436.txt,616.2679
fb33e23a-48be-4dba-bee5-bcb74cc77436.txt,446.6604
fb33e23a-48be-4dba-bee5-bcb74cc77436.txt,1186.234
fb33e23a-48be-4dba-bee5-bcb74cc77436.txt,905.2863
fb33e23a-48be-4dba-bee5-bcb74cc77436.txt,882.0569
fb33e23a-48be-4dba-bee5-bcb74cc77436.txt,751.09906
fb33e23a-48be-4dba-bee5-bcb74cc77436.txt,719.3314
fb33e23a-48be-4dba-bee5-bcb74cc77436.txt,690.94104
fb33e23a-48be-4dba-bee5-bcb74cc77436.txt,708.2216
fb33e23a-48be-4dba-bee5-bcb74cc77436.txt,414.9439
fb33e23a-48be-4dba-bee5-bcb74cc77436.txt,1161.2866
fb33e23a-48be-4dba-bee5-bcb74cc77436.txt,643.9381
fb33e23a-48be-4dba-bee5-bcb74cc77436.txt,399.28317
fb33e23a-48be-4dba-bee5-bcb74cc77436.txt,1072.6782
fb33e23a-48be-4dba-bee5-bcb74cc77436.txt,989.33575
fb33e23a-48be-4dba-bee5-bcb74cc77436.txt,1690.4144
fb33e23a-48be-4dba-bee5-bcb74cc77436.txt,656.0528
fb33e23a-48be-4dba-bee5-bcb74cc77436.txt,627.34265
fb33e23a-48be-4dba-bee5-bcb74cc77436.txt,486.47754
fb33e23a-48be-4dba-bee5-bcb74cc77436.txt,499.8178
fb33e23a-48be-4dba-bee5-bcb74cc77436.txt,729.1289
dcf6b415-ef68-4e47-bb2d-619530d28a58.txt,902.28827
dcf6b415-ef68-4e47-bb2d-619530d28a58.txt,506.9122
dcf6b415-ef68-4e47-bb2d-619530d28a58.txt,880.69196
dcf6b415-ef68-4e47-bb2d-619530d28a58.txt,585.64856
dcf6b415-ef68-4e47-bb2d-619530d28a58.txt,539.77435
dcf6b415-ef68-4e47-bb2d-619530d28a58.txt,535.7866
dcf6b415-ef68-4e47-bb2d-619530d28a58.txt,577.8851
dcf6b415-ef68-4e47-bb2d-619530d28a58.txt,543.4461
dcf6b415-ef68-4e47-bb2d-619530d28a58.txt,566.765
dcf6b415-ef68-4e47-bb2d-619530d28a58.txt,1719.013
dcf6b415-ef68-4e47-bb2d-619530d28a58.txt,1157.444
dcf6b415-ef68-4e47-bb2d-619530d28a58.txt,431.8225
dcf6b415-ef68-4e47-bb2d-619530d28a58.txt,382.14053
dcf6b415-ef68-4e47-bb2d-619530d28a58.txt,605.19617
dcf6b415-ef68-4e47-bb2d-619530d28a58.txt,2418.0706
dcf6b415-ef68-4e47-bb2d-619530d28a58.txt,1565.6348
dcf6b415-ef68-4e47-bb2d-619530d28a58.txt,468.06827
dcf6b415-ef68-4e47-bb2d-619530d28a58.txt,388.44205
dcf6b415-ef68-4e47-bb2d-619530d28a58.txt,397.116
dcf6b415-ef68-4e47-bb2d-619530d28a58.txt,1176.3625
dcf6b415-ef68-4e47-bb2d-619530d28a58.txt,698.3417
dcf6b415-ef68-4e47-bb2d-619530d28a58.txt,786.6622
dcf6b415-ef68-4e47-bb2d-619530d28a58.txt,518.45856
dcf6b415-ef68-4e47-bb2d-619530d28a58.txt,683.63074
dcf6b415-ef68-4e47-bb2d-619530d28a58.txt,1113.4812
dcf6b415-ef68-4e47-bb2d-619530d28a58.txt,1032.7552
dcf6b415-ef68-4e47-bb2d-619530d28a58.txt,411.02353
dcf6b415-ef68-4e47-bb2d-619530d28a58.txt,621.1272
ea502af0-8092-4fb7-a3c2-083f46ab05c9.txt,1217.1141
ea502af0-8092-4fb7-a3c2-083f46ab05c9.txt,604.9635
ea502af0-8092-4fb7-a3c2-083f46ab05c9.txt,442.26324
ea502af0-8092-4fb7-a3c2-083f46ab05c9.txt,819.7906
ea502af0-8092-4fb7-a3c2-083f46ab05c9.txt,987.68866
ea502af0-8092-4fb7-a3c2-083f46ab05c9.txt,416.72083
ea502af0-8092-4fb7-a3c2-083f46ab05c9.txt,576.18176
ea502af0-8092-4fb7-a3c2-083f46ab05c9.txt,513.42004
ea502af0-8092-4fb7-a3c2-083f46ab05c9.txt,1104.6348
ea502af0-8092-4fb7-a3c2-083f46ab05c9.txt,1377.8226
ea502af0-8092-4fb7-a3c2-083f46ab05c9.txt,384.75174
ea502af0-8092-4fb7-a3c2-083f46ab05c9.txt,953.1135
ea502af0-8092-4fb7-a3c2-083f46ab05c9.txt,1362.106
ea502af0-8092-4fb7-a3c2-083f46ab05c9.txt,827.2212
ea502af0-8092-4fb7-a3c2-083f46ab05c9.txt,576.85254
ea502af0-8092-4fb7-a3c2-083f46ab05c9.txt,629.86237
ea502af0-8092-4fb7-a3c2-083f46ab05c9.txt,566.90424
ea502af0-8092-4fb7-a3c2-083f46ab05c9.txt,476.02173
ea502af0-8092-4fb7-a3c2-083f46ab05c9.txt,892.97656
ea502af0-8092-4fb7-a3c2-083f46ab05c9.txt,1095.7848
ea502af0-8092-4fb7-a3c2-083f46ab05c9.txt,684.59283
ea502af0-8092-4fb7-a3c2-083f46ab05c9.txt,1536.3864
ea502af0-8092-4fb7-a3c2-083f46ab05c9.txt,522.1472
ea502af0-8092-4fb7-a3c2-083f46ab05c9.txt,1251.1997
ea502af0-8092-4fb7-a3c2-083f46ab05c9.txt,826.04156
ea502af0-8092-4fb7-a3c2-083f46ab05c9.txt,1320.3094
ea502af0-8092-4fb7-a3c2-083f46ab05c9.txt,607.1026
ea502af0-8092-4fb7-a3c2-083f46ab05c9.txt,444.93787
ea502af0-8092-4fb7-a3c2-083f46ab05c9.txt,512.63464
f6e91bd5-7296-4db5-901e-1f822b829d34.txt,546.0492
f6e91bd5-7296-4db5-901e-1f822b829d34.txt,537.08514
f6e91bd5-7296-4db5-901e-1f822b829d34.txt,587.2023
f6e91bd5-7296-4db5-901e-1f822b829d34.txt,1087.3243
f6e91bd5-7296-4db5-901e-1f822b829d34.txt,1002.4866
f6e91bd5-7296-4db5-901e-1f822b829d34.txt,1340.8923
f6e91bd5-7296-4db5-901e-1f822b829d34.txt,955.1803
f6e91bd5-7296-4db5-901e-1f822b829d34.txt,618.8522
f6e91bd5-7296-4db5-901e-1f822b829d34.txt,949.91504
f6e91bd5-7296-4db5-901e-1f822b829d34.txt,967.9113
f6e91bd5-7296-4db5-901e-1f822b829d34.txt,319.79752
f6e91bd5-7296-4db5-901e-1f822b829d34.txt,499.83405
f6e91bd5-7296-4db5-901e-1f822b829d34.txt,831.8634
f6e91bd5-7296-4db5-901e-1f822b829d34.txt,1264.4332
f6e91bd5-7296-4db5-901e-1f822b829d34.txt,1354.6769
f6e91bd5-7296-4db5-901e-1f822b829d34.txt,1928.5599
f6e91bd5-7296-4db5-901e-1f822b829d34.txt,1306.1836
f6e91bd5-7296-4db5-901e-1f822b829d34.txt,2359.5789
f6e91bd5-7296-4db5-901e-1f822b829d34.txt,1554.0303
f6e91bd5-7296-4db5-901e-1f822b829d34.txt,708.6282
f6e91bd5-7296-4db5-901e-1f822b829d34.txt,1196.2847
f6e91bd5-7296-4db5-901e-1f822b829d34.txt,1155.2739
f6e91bd5-7296-4db5-901e-1f822b829d34.txt,568.0373
f6e91bd5-7296-4db5-901e-1f822b829d34.txt,710.9135
f6e91bd5-7296-4db5-901e-1f822b829d34.txt,1378.7546
f6e91bd5-7296-4db5-901e-1f822b829d34.txt,1269.9393
f6e91bd5-7296-4db5-901e-1f822b829d34.txt,1349.9332
f6e91bd5-7296-4db5-901e-1f822b829d34.txt,672.70776
f6e91bd5-7296-4db5-901e-1f822b829d34.txt,648.86224
f6e91bd5-7296-4db5-901e-1f822b829d34.txt,1248.7463
f6e91bd5-7296-4db5-901e-1f822b829d34.txt,768.99005
f6e91bd5-7296-4db5-901e-1f822b829d34.txt,954.8147
f6e91bd5-7296-4db5-901e-1f822b829d34.txt,1459.464
f6e91bd5-7296-4db5-901e-1f822b829d34.txt,857.0959
f6e91bd5-7296-4db5-901e-1f822b829d34.txt,1206.0446
f6e91bd5-7296-4db5-901e-1f822b829d34.txt,1305.0521
f6e91bd5-7296-4db5-901e-1f822b829d34.txt,811.1385
fc5a051c-c4fb-4c03-b5e3-ea99d8440d20.txt,1569.3302
fc5a051c-c4fb-4c03-b5e3-ea99d8440d20.txt,1748.7637
fc5a051c-c4fb-4c03-b5e3-ea99d8440d20.txt,869.1033
fc5a051c-c4fb-4c03-b5e3-ea99d8440d20.txt,416.35095
fc5a051c-c4fb-4c03-b5e3-ea99d8440d20.txt,721.76843
fc5a051c-c4fb-4c03-b5e3-ea99d8440d20.txt,684.6605
fc5a051c-c4fb-4c03-b5e3-ea99d8440d20.txt,755.372
fc5a051c-c4fb-4c03-b5e3-ea99d8440d20.txt,812.07764
fc5a051c-c4fb-4c03-b5e3-ea99d8440d20.txt,825.0826
fc5a051c-c4fb-4c03-b5e3-ea99d8440d20.txt,520.9049
fc5a051c-c4fb-4c03-b5e3-ea99d8440d20.txt,314.69937
fc5a051c-c4fb-4c03-b5e3-ea99d8440d20.txt,487.21664
fc5a051c-c4fb-4c03-b5e3-ea99d8440d20.txt,484.1047
fc5a051c-c4fb-4c03-b5e3-ea99d8440d20.txt,337.69046
fc5a051c-c4fb-4c03-b5e3-ea99d8440d20.txt,371.65543
fc5a051c-c4fb-4c03-b5e3-ea99d8440d20.txt,617.1886
fc5a051c-c4fb-4c03-b5e3-ea99d8440d20.txt,714.10144
dd5d360a-7907-4275-95db-68c20445fe6c.txt,638.67694
dd5d360a-7907-4275-95db-68c20445fe6c.txt,445.29147
dd5d360a-7907-4275-95db-68c20445fe6c.txt,746.5832
dd5d360a-7907-4275-95db-68c20445fe6c.txt,899.9748
dd5d360a-7907-4275-95db-68c20445fe6c.txt,972.5117
dd5d360a-7907-4275-95db-68c20445fe6c.txt,521.3797
dd5d360a-7907-4275-95db-68c20445fe6c.txt,799.07715
dd5d360a-7907-4275-95db-68c20445fe6c.txt,685.6385
dd5d360a-7907-4275-95db-68c20445fe6c.txt,749.2891
dd5d360a-7907-4275-95db-68c20445fe6c.txt,1281.7937
dd5d360a-7907-4275-95db-68c20445fe6c.txt,1326.1445
dd5d360a-7907-4275-95db-68c20445fe6c.txt,587.5143
dd5d360a-7907-4275-95db-68c20445fe6c.txt,389.21323
dd5d360a-7907-4275-95db-68c20445fe6c.txt,724.88965
dd5d360a-7907-4275-95db-68c20445fe6c.txt,605.11554
dd5d360a-7907-4275-95db-68c20445fe6c.txt,572.61566
dd5d360a-7907-4275-95db-68c20445fe6c.txt,573.50726
dd5d360a-7907-4275-95db-68c20445fe6c.txt,636.16064
dd5d360a-7907-4275-95db-68c20445fe6c.txt,572.0233
dd5d360a-7907-4275-95db-68c20445fe6c.txt,519.9308
dd5d360a-7907-4275-95db-68c20445fe6c.txt,571.1548
dd5d360a-7907-4275-95db-68c20445fe6c.txt,499.84357
d072ac88-ff62-48e8-a825-530c96a0f6ea.txt,651.37024
d072ac88-ff62-48e8-a825-530c96a0f6ea.txt,441.68976
d072ac88-ff62-48e8-a825-530c96a0f6ea.txt,406.97702
d072ac88-ff62-48e8-a825-530c96a0f6ea.txt,758.517
d072ac88-ff62-48e8-a825-530c96a0f6ea.txt,545.77826
d072ac88-ff62-48e8-a825-530c96a0f6ea.txt,620.3887
d072ac88-ff62-48e8-a825-530c96a0f6ea.txt,246.17464
d072ac88-ff62-48e8-a825-530c96a0f6ea.txt,622.3509
d072ac88-ff62-48e8-a825-530c96a0f6ea.txt,616.43
d072ac88-ff62-48e8-a825-530c96a0f6ea.txt,752.0439
d072ac88-ff62-48e8-a825-530c96a0f6ea.txt,653.6478
d072ac88-ff62-48e8-a825-530c96a0f6ea.txt,404.1047
d072ac88-ff62-48e8-a825-530c96a0f6ea.txt,587.26935
d072ac88-ff62-48e8-a825-530c96a0f6ea.txt,562.9466
d072ac88-ff62-48e8-a825-530c96a0f6ea.txt,508.39993
d072ac88-ff62-48e8-a825-530c96a0f6ea.txt,564.45636
d072ac88-ff62-48e8-a825-530c96a0f6ea.txt,617.8694
d072ac88-ff62-48e8-a825-530c96a0f6ea.txt,987.82495
d072ac88-ff62-48e8-a825-530c96a0f6ea.txt,730.09955
d072ac88-ff62-48e8-a825-530c96a0f6ea.txt,1557.5289
d072ac88-ff62-48e8-a825-530c96a0f6ea.txt,1252.1799
d072ac88-ff62-48e8-a825-530c96a0f6ea.txt,1193.2585
d072ac88-ff62-48e8-a825-530c96a0f6ea.txt,1559.1172
f998d30e-4952-4e47-af63-9349236bf8a5.txt,465.1651
f998d30e-4952-4e47-af63-9349236bf8a5.txt,843.74243
f998d30e-4952-4e47-af63-9349236bf8a5.txt,1440.3135
f998d30e-4952-4e47-af63-9349236bf8a5.txt,738.9821
f998d30e-4952-4e47-af63-9349236bf8a5.txt,556.43964
f998d30e-4952-4e47-af63-9349236bf8a5.txt,595.133
f998d30e-4952-4e47-af63-9349236bf8a5.txt,602.08325
f998d30e-4952-4e47-af63-9349236bf8a5.txt,1354.4546
f998d30e-4952-4e47-af63-9349236bf8a5.txt,937.77325
f998d30e-4952-4e47-af63-9349236bf8a5.txt,781.21814
f998d30e-4952-4e47-af63-9349236bf8a5.txt,628.8317
f998d30e-4952-4e47-af63-9349236bf8a5.txt,1104.3285
f998d30e-4952-4e47-af63-9349236bf8a5.txt,848.33026
f998d30e-4952-4e47-af63-9349236bf8a5.txt,802.82684
f998d30e-4952-4e47-af63-9349236bf8a5.txt,960.33484
f998d30e-4952-4e47-af63-9349236bf8a5.txt,581.5233
f998d30e-4952-4e47-af63-9349236bf8a5.txt,662.6482
f998d30e-4952-4e47-af63-9349236bf8a5.txt,738.6071
f998d30e-4952-4e47-af63-9349236bf8a5.txt,692.77167
f998d30e-4952-4e47-af63-9349236bf8a5.txt,66.10584
f998d30e-4952-4e47-af63-9349236bf8a5.txt,641.74243
f998d30e-4952-4e47-af63-9349236bf8a5.txt,1021.92926
f998d30e-4952-4e47-af63-9349236bf8a5.txt,579.60925
f998d30e-4952-4e47-af63-9349236bf8a5.txt,763.7024
fad7a5b2-25c0-4b2e-8ab2-158d50a6e37d.txt,986.76276
fad7a5b2-25c0-4b2e-8ab2-158d50a6e37d.txt,700.48987
fad7a5b2-25c0-4b2e-8ab2-158d50a6e37d.txt,652.9945
fad7a5b2-25c0-4b2e-8ab2-158d50a6e37d.txt,871.92084
fad7a5b2-25c0-4b2e-8ab2-158d50a6e37d.txt,1117.7643
fad7a5b2-25c0-4b2e-8ab2-158d50a6e37d.txt,1708.0984
fad7a5b2-25c0-4b2e-8ab2-158d50a6e37d.txt,1354.9988
fad7a5b2-25c0-4b2e-8ab2-158d50a6e37d.txt,556.1189
fad7a5b2-25c0-4b2e-8ab2-158d50a6e37d.txt,876.78644
fad7a5b2-25c0-4b2e-8ab2-158d50a6e37d.txt,501.3267
fad7a5b2-25c0-4b2e-8ab2-158d50a6e37d.txt,573.6245
fad7a5b2-25c0-4b2e-8ab2-158d50a6e37d.txt,523.30273
fad7a5b2-25c0-4b2e-8ab2-158d50a6e37d.txt,513.4725
fad7a5b2-25c0-4b2e-8ab2-158d50a6e37d.txt,557.0077
fad7a5b2-25c0-4b2e-8ab2-158d50a6e37d.txt,528.06256
fad7a5b2-25c0-4b2e-8ab2-158d50a6e37d.txt,639.9926
fad7a5b2-25c0-4b2e-8ab2-158d50a6e37d.txt,384.01666
fad7a5b2-25c0-4b2e-8ab2-158d50a6e37d.txt,1040.9132
fad7a5b2-25c0-4b2e-8ab2-158d50a6e37d.txt,704.662
fad7a5b2-25c0-4b2e-8ab2-158d50a6e37d.txt,662.98846
fad7a5b2-25c0-4b2e-8ab2-158d50a6e37d.txt,1169.8641
fad7a5b2-25c0-4b2e-8ab2-158d50a6e37d.txt,528.34143
fad7a5b2-25c0-4b2e-8ab2-158d50a6e37d.txt,767.99786
fad7a5b2-25c0-4b2e-8ab2-158d50a6e37d.txt,605.3702
f4d86846-7d1f-40df-8c8c-45041a25cc21.txt,560.9588
f4d86846-7d1f-40df-8c8c-45041a25cc21.txt,940.1479
f4d86846-7d1f-40df-8c8c-45041a25cc21.txt,700.4765
f4d86846-7d1f-40df-8c8c-45041a25cc21.txt,1043.0616
f4d86846-7d1f-40df-8c8c-45041a25cc21.txt,991.35614
f4d86846-7d1f-40df-8c8c-45041a25cc21.txt,755.90314
f4d86846-7d1f-40df-8c8c-45041a25cc21.txt,613.1132
f4d86846-7d1f-40df-8c8c-45041a25cc21.txt,998.7412
f4d86846-7d1f-40df-8c8c-45041a25cc21.txt,617.7973
f4d86846-7d1f-40df-8c8c-45041a25cc21.txt,347.68497
f4d86846-7d1f-40df-8c8c-45041a25cc21.txt,1103.8347
f4d86846-7d1f-40df-8c8c-45041a25cc21.txt,1005.332
f4d86846-7d1f-40df-8c8c-45041a25cc21.txt,583.78314
f4d86846-7d1f-40df-8c8c-45041a25cc21.txt,682.23303
f4d86846-7d1f-40df-8c8c-45041a25cc21.txt,490.49353
f4d86846-7d1f-40df-8c8c-45041a25cc21.txt,344.20145
f4d86846-7d1f-40df-8c8c-45041a25cc21.txt,1024.0586
f4d86846-7d1f-40df-8c8c-45041a25cc21.txt,654.59344
f4d86846-7d1f-40df-8c8c-45041a25cc21.txt,574.1673
f4d86846-7d1f-40df-8c8c-45041a25cc21.txt,1128.6445
f4d86846-7d1f-40df-8c8c-45041a25cc21.txt,786.7631
f4d86846-7d1f-40df-8c8c-45041a25cc21.txt,339.17938
f4d86846-7d1f-40df-8c8c-45041a25cc21.txt,719.0873
f4d86846-7d1f-40df-8c8c-45041a25cc21.txt,501.13892
f4d86846-7d1f-40df-8c8c-45041a25cc21.txt,494.08008
f4d86846-7d1f-40df-8c8c-45041a25cc21.txt,756.12115
f4d86846-7d1f-40df-8c8c-45041a25cc21.txt,748.26117
f4d86846-7d1f-40df-8c8c-45041a25cc21.txt,510.9185
f4d86846-7d1f-40df-8c8c-45041a25cc21.txt,1033.3711
f4d86846-7d1f-40df-8c8c-45041a25cc21.txt,891.6067
f4d86846-7d1f-40df-8c8c-45041a25cc21.txt,342.8776
f4d86846-7d1f-40df-8c8c-45041a25cc21.txt,622.94714
f4d86846-7d1f-40df-8c8c-45041a25cc21.txt,162.6547
f4d86846-7d1f-40df-8c8c-45041a25cc21.txt,467.21548
e7b52ef2-faaf-4ea2-9428-024ebf93c3a9.txt,1152.0448
e7b52ef2-faaf-4ea2-9428-024ebf93c3a9.txt,1697.2307
e7b52ef2-faaf-4ea2-9428-024ebf93c3a9.txt,600.45374
e7b52ef2-faaf-4ea2-9428-024ebf93c3a9.txt,468.25192
e7b52ef2-faaf-4ea2-9428-024ebf93c3a9.txt,767.61035
e7b52ef2-faaf-4ea2-9428-024ebf93c3a9.txt,634.2075
e7b52ef2-faaf-4ea2-9428-024ebf93c3a9.txt,1517.8096
e7b52ef2-faaf-4ea2-9428-024ebf93c3a9.txt,885.6335
e7b52ef2-faaf-4ea2-9428-024ebf93c3a9.txt,792.3763
e7b52ef2-faaf-4ea2-9428-024ebf93c3a9.txt,817.98474
e7b52ef2-faaf-4ea2-9428-024ebf93c3a9.txt,833.7926
e7b52ef2-faaf-4ea2-9428-024ebf93c3a9.txt,721.48035
e7b52ef2-faaf-4ea2-9428-024ebf93c3a9.txt,535.622
e7b52ef2-faaf-4ea2-9428-024ebf93c3a9.txt,1054.9673
e7b52ef2-faaf-4ea2-9428-024ebf93c3a9.txt,770.2997
e7b52ef2-faaf-4ea2-9428-024ebf93c3a9.txt,868.17194
e7b52ef2-faaf-4ea2-9428-024ebf93c3a9.txt,971.773
e7b52ef2-faaf-4ea2-9428-024ebf93c3a9.txt,1170.2992
e7b52ef2-faaf-4ea2-9428-024ebf93c3a9.txt,1392.0078
e7b52ef2-faaf-4ea2-9428-024ebf93c3a9.txt,936.16534
e7b52ef2-faaf-4ea2-9428-024ebf93c3a9.txt,978.7721
e7b52ef2-faaf-4ea2-9428-024ebf93c3a9.txt,781.7215
e7b52ef2-faaf-4ea2-9428-024ebf93c3a9.txt,776.4873
e7b52ef2-faaf-4ea2-9428-024ebf93c3a9.txt,466.38168
e5d61933-f61c-47aa-bae6-2cc708def354.txt,424.28424
e5d61933-f61c-47aa-bae6-2cc708def354.txt,434.30023
e5d61933-f61c-47aa-bae6-2cc708def354.txt,562.3195
e5d61933-f61c-47aa-bae6-2cc708def354.txt,460.64322
e5d61933-f61c-47aa-bae6-2cc708def354.txt,589.7554
e5d61933-f61c-47aa-bae6-2cc708def354.txt,759.67975
e5d61933-f61c-47aa-bae6-2cc708def354.txt,732.45374
e5d61933-f61c-47aa-bae6-2cc708def354.txt,918.1261
e5d61933-f61c-47aa-bae6-2cc708def354.txt,846.7964
e5d61933-f61c-47aa-bae6-2cc708def354.txt,752.9023
e5d61933-f61c-47aa-bae6-2cc708def354.txt,514.0076
e5d61933-f61c-47aa-bae6-2cc708def354.txt,435.42255
e5d61933-f61c-47aa-bae6-2cc708def354.txt,634.0326
e5d61933-f61c-47aa-bae6-2cc708def354.txt,873.35596
e5d61933-f61c-47aa-bae6-2cc708def354.txt,1139.7395
e5d61933-f61c-47aa-bae6-2cc708def354.txt,952.33905
e5d61933-f61c-47aa-bae6-2cc708def354.txt,909.04565
e5d61933-f61c-47aa-bae6-2cc708def354.txt,1046.0071
e5d61933-f61c-47aa-bae6-2cc708def354.txt,730.5536
e5d61933-f61c-47aa-bae6-2cc708def354.txt,689.50037
e5d61933-f61c-47aa-bae6-2cc708def354.txt,910.1367
e5d61933-f61c-47aa-bae6-2cc708def354.txt,358.96124
e5d61933-f61c-47aa-bae6-2cc708def354.txt,857.5335
e5d61933-f61c-47aa-bae6-2cc708def354.txt,638.8499
e5d61933-f61c-47aa-bae6-2cc708def354.txt,687.5089
e5d61933-f61c-47aa-bae6-2cc708def354.txt,741.5419
e5d61933-f61c-47aa-bae6-2cc708def354.txt,527.99396
fa24af3a-f415-4dd7-9f8d-7d631b1be9ec.txt,353.88687
fa24af3a-f415-4dd7-9f8d-7d631b1be9ec.txt,1112.7661
fa24af3a-f415-4dd7-9f8d-7d631b1be9ec.txt,776.81146
fa24af3a-f415-4dd7-9f8d-7d631b1be9ec.txt,1017.4424
fa24af3a-f415-4dd7-9f8d-7d631b1be9ec.txt,1230.9541
fa24af3a-f415-4dd7-9f8d-7d631b1be9ec.txt,492.4779
fa24af3a-f415-4dd7-9f8d-7d631b1be9ec.txt,617.29266
fa24af3a-f415-4dd7-9f8d-7d631b1be9ec.txt,394.97928
fa24af3a-f415-4dd7-9f8d-7d631b1be9ec.txt,585.93646
fa24af3a-f415-4dd7-9f8d-7d631b1be9ec.txt,532.2815
fa24af3a-f415-4dd7-9f8d-7d631b1be9ec.txt,569.31866
fa24af3a-f415-4dd7-9f8d-7d631b1be9ec.txt,585.0594
fa24af3a-f415-4dd7-9f8d-7d631b1be9ec.txt,759.2526
fa24af3a-f415-4dd7-9f8d-7d631b1be9ec.txt,1692.0582
fa24af3a-f415-4dd7-9f8d-7d631b1be9ec.txt,707.9987
fa24af3a-f415-4dd7-9f8d-7d631b1be9ec.txt,875.4785
fa24af3a-f415-4dd7-9f8d-7d631b1be9ec.txt,1262.546
fa24af3a-f415-4dd7-9f8d-7d631b1be9ec.txt,1139.6819
fa24af3a-f415-4dd7-9f8d-7d631b1be9ec.txt,1083.7867
fa24af3a-f415-4dd7-9f8d-7d631b1be9ec.txt,405.7535
fa24af3a-f415-4dd7-9f8d-7d631b1be9ec.txt,722.65405
fa24af3a-f415-4dd7-9f8d-7d631b1be9ec.txt,1639.5725
fa24af3a-f415-4dd7-9f8d-7d631b1be9ec.txt,806.17816
fa24af3a-f415-4dd7-9f8d-7d631b1be9ec.txt,498.51437
faa21af5-fc93-43c0-b371-aa2483dc44c3.txt,851.5757
faa21af5-fc93-43c0-b371-aa2483dc44c3.txt,564.49414
faa21af5-fc93-43c0-b371-aa2483dc44c3.txt,729.9584
faa21af5-fc93-43c0-b371-aa2483dc44c3.txt,1094.9797
faa21af5-fc93-43c0-b371-aa2483dc44c3.txt,697.4999
faa21af5-fc93-43c0-b371-aa2483dc44c3.txt,1210.1288
faa21af5-fc93-43c0-b371-aa2483dc44c3.txt,972.46954
faa21af5-fc93-43c0-b371-aa2483dc44c3.txt,1132.9318
faa21af5-fc93-43c0-b371-aa2483dc44c3.txt,623.3055
faa21af5-fc93-43c0-b371-aa2483dc44c3.txt,1216.8846
faa21af5-fc93-43c0-b371-aa2483dc44c3.txt,677.2785
faa21af5-fc93-43c0-b371-aa2483dc44c3.txt,644.075
faa21af5-fc93-43c0-b371-aa2483dc44c3.txt,500.9683
faa21af5-fc93-43c0-b371-aa2483dc44c3.txt,674.8591
faa21af5-fc93-43c0-b371-aa2483dc44c3.txt,607.48
faa21af5-fc93-43c0-b371-aa2483dc44c3.txt,452.62393
faa21af5-fc93-43c0-b371-aa2483dc44c3.txt,1403.2406
faa21af5-fc93-43c0-b371-aa2483dc44c3.txt,1136.7811
faa21af5-fc93-43c0-b371-aa2483dc44c3.txt,2765.4514
faa21af5-fc93-43c0-b371-aa2483dc44c3.txt,1061.0978
faa21af5-fc93-43c0-b371-aa2483dc44c3.txt,702.60474
faa21af5-fc93-43c0-b371-aa2483dc44c3.txt,933.136
faa21af5-fc93-43c0-b371-aa2483dc44c3.txt,604.8754
faa21af5-fc93-43c0-b371-aa2483dc44c3.txt,857.53394
faa21af5-fc93-43c0-b371-aa2483dc44c3.txt,765.4057
faa21af5-fc93-43c0-b371-aa2483dc44c3.txt,858.44604
f0fc10fe-c37a-4878-a28f-50123e0fcd2d.txt,694.3266
f0fc10fe-c37a-4878-a28f-50123e0fcd2d.txt,714.0407
f0fc10fe-c37a-4878-a28f-50123e0fcd2d.txt,504.9262
f0fc10fe-c37a-4878-a28f-50123e0fcd2d.txt,527.2101
f0fc10fe-c37a-4878-a28f-50123e0fcd2d.txt,1536.6328
f0fc10fe-c37a-4878-a28f-50123e0fcd2d.txt,404.44565
f0fc10fe-c37a-4878-a28f-50123e0fcd2d.txt,340.81937
f0fc10fe-c37a-4878-a28f-50123e0fcd2d.txt,1227.4326
f0fc10fe-c37a-4878-a28f-50123e0fcd2d.txt,1416.994
f0fc10fe-c37a-4878-a28f-50123e0fcd2d.txt,1747.0958
f0fc10fe-c37a-4878-a28f-50123e0fcd2d.txt,344.078
f0fc10fe-c37a-4878-a28f-50123e0fcd2d.txt,617.33984
f0fc10fe-c37a-4878-a28f-50123e0fcd2d.txt,850.732
f0fc10fe-c37a-4878-a28f-50123e0fcd2d.txt,750.21124
f0fc10fe-c37a-4878-a28f-50123e0fcd2d.txt,502.64896
f0fc10fe-c37a-4878-a28f-50123e0fcd2d.txt,454.30975
f0fc10fe-c37a-4878-a28f-50123e0fcd2d.txt,567.5903
f0fc10fe-c37a-4878-a28f-50123e0fcd2d.txt,485.20474
f0fc10fe-c37a-4878-a28f-50123e0fcd2d.txt,919.3067
f0fc10fe-c37a-4878-a28f-50123e0fcd2d.txt,795.96515
f0fc10fe-c37a-4878-a28f-50123e0fcd2d.txt,858.91003
f0fc10fe-c37a-4878-a28f-50123e0fcd2d.txt,956.2917
f0fc10fe-c37a-4878-a28f-50123e0fcd2d.txt,376.42218
f0fc10fe-c37a-4878-a28f-50123e0fcd2d.txt,1047.355
f0fc10fe-c37a-4878-a28f-50123e0fcd2d.txt,825.8981
f0fc10fe-c37a-4878-a28f-50123e0fcd2d.txt,442.06335
f0fc10fe-c37a-4878-a28f-50123e0fcd2d.txt,581.76416
f0fc10fe-c37a-4878-a28f-50123e0fcd2d.txt,874.2177
f0fc10fe-c37a-4878-a28f-50123e0fcd2d.txt,611.5863
f0fc10fe-c37a-4878-a28f-50123e0fcd2d.txt,672.94037
f0fc10fe-c37a-4878-a28f-50123e0fcd2d.txt,768.03015
f0fc10fe-c37a-4878-a28f-50123e0fcd2d.txt,552.98346
f0fc10fe-c37a-4878-a28f-50123e0fcd2d.txt,738.43646
f0fc10fe-c37a-4878-a28f-50123e0fcd2d.txt,877.68555
f0fc10fe-c37a-4878-a28f-50123e0fcd2d.txt,906.94727
f0fc10fe-c37a-4878-a28f-50123e0fcd2d.txt,1224.3069
f0fc10fe-c37a-4878-a28f-50123e0fcd2d.txt,938.22375
f0fc10fe-c37a-4878-a28f-50123e0fcd2d.txt,444.31253
f0fc10fe-c37a-4878-a28f-50123e0fcd2d.txt,284.91647
f0fc10fe-c37a-4878-a28f-50123e0fcd2d.txt,509.07416
f0fc10fe-c37a-4878-a28f-50123e0fcd2d.txt,1081.6555
f0fc10fe-c37a-4878-a28f-50123e0fcd2d.txt,1944.6713
ee1f3987-beee-4903-ba20-e3857ab80081.txt,997.5187
ee1f3987-beee-4903-ba20-e3857ab80081.txt,580.3342
ee1f3987-beee-4903-ba20-e3857ab80081.txt,331.21484
ee1f3987-beee-4903-ba20-e3857ab80081.txt,1505.1029
ee1f3987-beee-4903-ba20-e3857ab80081.txt,904.3322
ee1f3987-beee-4903-ba20-e3857ab80081.txt,622.81
ee1f3987-beee-4903-ba20-e3857ab80081.txt,1423.909
ee1f3987-beee-4903-ba20-e3857ab80081.txt,1222.5361
ee1f3987-beee-4903-ba20-e3857ab80081.txt,800.6413
ee1f3987-beee-4903-ba20-e3857ab80081.txt,538.6878
ee1f3987-beee-4903-ba20-e3857ab80081.txt,1072.1556
ee1f3987-beee-4903-ba20-e3857ab80081.txt,1020.5064
ee1f3987-beee-4903-ba20-e3857ab80081.txt,579.56946
ee1f3987-beee-4903-ba20-e3857ab80081.txt,167.09734
ee1f3987-beee-4903-ba20-e3857ab80081.txt,648.74976
ee1f3987-beee-4903-ba20-e3857ab80081.txt,976.22455
ee1f3987-beee-4903-ba20-e3857ab80081.txt,553.82996
ee1f3987-beee-4903-ba20-e3857ab80081.txt,564.46606
ee1f3987-beee-4903-ba20-e3857ab80081.txt,663.8544
ee1f3987-beee-4903-ba20-e3857ab80081.txt,912.84485
d7367c6b-7d8c-4b9f-87ca-d88ceca42629.txt,1490.1543
d7367c6b-7d8c-4b9f-87ca-d88ceca42629.txt,540.94556
d7367c6b-7d8c-4b9f-87ca-d88ceca42629.txt,501.77722
d7367c6b-7d8c-4b9f-87ca-d88ceca42629.txt,590.7238
d7367c6b-7d8c-4b9f-87ca-d88ceca42629.txt,500.6909
d7367c6b-7d8c-4b9f-87ca-d88ceca42629.txt,635.6252
d7367c6b-7d8c-4b9f-87ca-d88ceca42629.txt,674.4705
d7367c6b-7d8c-4b9f-87ca-d88ceca42629.txt,511.78943
d7367c6b-7d8c-4b9f-87ca-d88ceca42629.txt,613.1147
d7367c6b-7d8c-4b9f-87ca-d88ceca42629.txt,395.3514
d7367c6b-7d8c-4b9f-87ca-d88ceca42629.txt,1077.6979
d7367c6b-7d8c-4b9f-87ca-d88ceca42629.txt,1198.1233
d7367c6b-7d8c-4b9f-87ca-d88ceca42629.txt,348.9671
d7367c6b-7d8c-4b9f-87ca-d88ceca42629.txt,707.5327
d7367c6b-7d8c-4b9f-87ca-d88ceca42629.txt,921.2132
d7367c6b-7d8c-4b9f-87ca-d88ceca42629.txt,340.64453
d7367c6b-7d8c-4b9f-87ca-d88ceca42629.txt,581.6955
d7367c6b-7d8c-4b9f-87ca-d88ceca42629.txt,803.7086
d7367c6b-7d8c-4b9f-87ca-d88ceca42629.txt,504.045
d7367c6b-7d8c-4b9f-87ca-d88ceca42629.txt,1181.0021
d7367c6b-7d8c-4b9f-87ca-d88ceca42629.txt,596.66
d7367c6b-7d8c-4b9f-87ca-d88ceca42629.txt,1216.4045
d7367c6b-7d8c-4b9f-87ca-d88ceca42629.txt,1430.3265
d7367c6b-7d8c-4b9f-87ca-d88ceca42629.txt,389.17957
fea7212d-95f6-44e1-b9af-d66a66c74a58.txt,537.2188
fea7212d-95f6-44e1-b9af-d66a66c74a58.txt,387.27426
fea7212d-95f6-44e1-b9af-d66a66c74a58.txt,547.7706
fea7212d-95f6-44e1-b9af-d66a66c74a58.txt,835.18774
fea7212d-95f6-44e1-b9af-d66a66c74a58.txt,622.6262
fea7212d-95f6-44e1-b9af-d66a66c74a58.txt,548.63855
fea7212d-95f6-44e1-b9af-d66a66c74a58.txt,700.1832
fea7212d-95f6-44e1-b9af-d66a66c74a58.txt,1154.3315
fea7212d-95f6-44e1-b9af-d66a66c74a58.txt,729.1189
fea7212d-95f6-44e1-b9af-d66a66c74a58.txt,804.95197
fea7212d-95f6-44e1-b9af-d66a66c74a58.txt,625.6402
fea7212d-95f6-44e1-b9af-d66a66c74a58.txt,1274.3589
fea7212d-95f6-44e1-b9af-d66a66c74a58.txt,765.7961
fea7212d-95f6-44e1-b9af-d66a66c74a58.txt,745.2718
fea7212d-95f6-44e1-b9af-d66a66c74a58.txt,1027.0667
fea7212d-95f6-44e1-b9af-d66a66c74a58.txt,714.5538
fea7212d-95f6-44e1-b9af-d66a66c74a58.txt,439.97
fea7212d-95f6-44e1-b9af-d66a66c74a58.txt,646.3552
fea7212d-95f6-44e1-b9af-d66a66c74a58.txt,480.45197
fea7212d-95f6-44e1-b9af-d66a66c74a58.txt,1395.7712
fea7212d-95f6-44e1-b9af-d66a66c74a58.txt,632.7339
fea7212d-95f6-44e1-b9af-d66a66c74a58.txt,666.7548
fe6f1c48-d0d1-44ed-ab13-4c05e6eb5a48.txt,1111.7422
fe6f1c48-d0d1-44ed-ab13-4c05e6eb5a48.txt,1024.6179
fe6f1c48-d0d1-44ed-ab13-4c05e6eb5a48.txt,890.46674
fe6f1c48-d0d1-44ed-ab13-4c05e6eb5a48.txt,851.8631
fe6f1c48-d0d1-44ed-ab13-4c05e6eb5a48.txt,719.2744
fe6f1c48-d0d1-44ed-ab13-4c05e6eb5a48.txt,435.30182
fe6f1c48-d0d1-44ed-ab13-4c05e6eb5a48.txt,916.98694
fe6f1c48-d0d1-44ed-ab13-4c05e6eb5a48.txt,780.10516
fe6f1c48-d0d1-44ed-ab13-4c05e6eb5a48.txt,647.37994
fe6f1c48-d0d1-44ed-ab13-4c05e6eb5a48.txt,472.92694
fe6f1c48-d0d1-44ed-ab13-4c05e6eb5a48.txt,812.0959
fe6f1c48-d0d1-44ed-ab13-4c05e6eb5a48.txt,930.7328
fe6f1c48-d0d1-44ed-ab13-4c05e6eb5a48.txt,1192.6323
fe6f1c48-d0d1-44ed-ab13-4c05e6eb5a48.txt,555.64307
fe6f1c48-d0d1-44ed-ab13-4c05e6eb5a48.txt,1380.7267
fe6f1c48-d0d1-44ed-ab13-4c05e6eb5a48.txt,855.6189
fe6f1c48-d0d1-44ed-ab13-4c05e6eb5a48.txt,502.2977
fe6f1c48-d0d1-44ed-ab13-4c05e6eb5a48.txt,804.8733
fe6f1c48-d0d1-44ed-ab13-4c05e6eb5a48.txt,605.4035
fe6f1c48-d0d1-44ed-ab13-4c05e6eb5a48.txt,805.2392
fe6f1c48-d0d1-44ed-ab13-4c05e6eb5a48.txt,1157.6074
fe6f1c48-d0d1-44ed-ab13-4c05e6eb5a48.txt,686.73096
fe6f1c48-d0d1-44ed-ab13-4c05e6eb5a48.txt,707.77155
fe6f1c48-d0d1-44ed-ab13-4c05e6eb5a48.txt,690.09357
fe6f1c48-d0d1-44ed-ab13-4c05e6eb5a48.txt,499.3354
fe6f1c48-d0d1-44ed-ab13-4c05e6eb5a48.txt,523.7469
e14dc19c-00b0-4784-9d1a-831b63a6b1b7.txt,1284.2794
e14dc19c-00b0-4784-9d1a-831b63a6b1b7.txt,514.03265
e14dc19c-00b0-4784-9d1a-831b63a6b1b7.txt,364.08643
e14dc19c-00b0-4784-9d1a-831b63a6b1b7.txt,1160.3372
e14dc19c-00b0-4784-9d1a-831b63a6b1b7.txt,601.1451
e14dc19c-00b0-4784-9d1a-831b63a6b1b7.txt,1102.4427
e14dc19c-00b0-4784-9d1a-831b63a6b1b7.txt,675.10175
e14dc19c-00b0-4784-9d1a-831b63a6b1b7.txt,1428.7515
e14dc19c-00b0-4784-9d1a-831b63a6b1b7.txt,1170.7294
e14dc19c-00b0-4784-9d1a-831b63a6b1b7.txt,1317.181
e14dc19c-00b0-4784-9d1a-831b63a6b1b7.txt,1604.7408
e14dc19c-00b0-4784-9d1a-831b63a6b1b7.txt,685.7046
e14dc19c-00b0-4784-9d1a-831b63a6b1b7.txt,497.9157
e14dc19c-00b0-4784-9d1a-831b63a6b1b7.txt,412.5259
e14dc19c-00b0-4784-9d1a-831b63a6b1b7.txt,500.92615
e14dc19c-00b0-4784-9d1a-831b63a6b1b7.txt,753.0557
e14dc19c-00b0-4784-9d1a-831b63a6b1b7.txt,700.39087
e14dc19c-00b0-4784-9d1a-831b63a6b1b7.txt,428.27243
e14dc19c-00b0-4784-9d1a-831b63a6b1b7.txt,407.70996
e14dc19c-00b0-4784-9d1a-831b63a6b1b7.txt,652.0344
e14dc19c-00b0-4784-9d1a-831b63a6b1b7.txt,690.6712
e14dc19c-00b0-4784-9d1a-831b63a6b1b7.txt,1680.2892
d177ff14-217c-42b9-845e-bf899cb8a778.txt,520.0433
d177ff14-217c-42b9-845e-bf899cb8a778.txt,538.7634
d177ff14-217c-42b9-845e-bf899cb8a778.txt,532.3977
d177ff14-217c-42b9-845e-bf899cb8a778.txt,423.80875
d177ff14-217c-42b9-845e-bf899cb8a778.txt,416.62424
d177ff14-217c-42b9-845e-bf899cb8a778.txt,465.24667
d177ff14-217c-42b9-845e-bf899cb8a778.txt,320.36615
d177ff14-217c-42b9-845e-bf899cb8a778.txt,269.60233
d177ff14-217c-42b9-845e-bf899cb8a778.txt,1132.3561
d177ff14-217c-42b9-845e-bf899cb8a778.txt,719.53204
d177ff14-217c-42b9-845e-bf899cb8a778.txt,149.64513
d177ff14-217c-42b9-845e-bf899cb8a778.txt,1132.2231
d177ff14-217c-42b9-845e-bf899cb8a778.txt,648.70325
d177ff14-217c-42b9-845e-bf899cb8a778.txt,421.22
d177ff14-217c-42b9-845e-bf899cb8a778.txt,906.2812
d177ff14-217c-42b9-845e-bf899cb8a778.txt,1035.2954
d177ff14-217c-42b9-845e-bf899cb8a778.txt,1166.322
d177ff14-217c-42b9-845e-bf899cb8a778.txt,1027.124
d177ff14-217c-42b9-845e-bf899cb8a778.txt,435.2844
d177ff14-217c-42b9-845e-bf899cb8a778.txt,311.1682
d177ff14-217c-42b9-845e-bf899cb8a778.txt,1425.7665
d177ff14-217c-42b9-845e-bf899cb8a778.txt,974.34485
d177ff14-217c-42b9-845e-bf899cb8a778.txt,1905.0945
d177ff14-217c-42b9-845e-bf899cb8a778.txt,460.25134
d177ff14-217c-42b9-845e-bf899cb8a778.txt,602.53143
d177ff14-217c-42b9-845e-bf899cb8a778.txt,951.766
d177ff14-217c-42b9-845e-bf899cb8a778.txt,783.26184
d177ff14-217c-42b9-845e-bf899cb8a778.txt,1319.3484
d177ff14-217c-42b9-845e-bf899cb8a778.txt,621.6282
ef053659-9a4d-4069-bbbc-61be3e12e8a0.txt,1774.7131
ef053659-9a4d-4069-bbbc-61be3e12e8a0.txt,1100.7944
ef053659-9a4d-4069-bbbc-61be3e12e8a0.txt,547.9377
ef053659-9a4d-4069-bbbc-61be3e12e8a0.txt,1173.8999
ef053659-9a4d-4069-bbbc-61be3e12e8a0.txt,1235.4126
ef053659-9a4d-4069-bbbc-61be3e12e8a0.txt,744.0192
ef053659-9a4d-4069-bbbc-61be3e12e8a0.txt,644.8524
ef053659-9a4d-4069-bbbc-61be3e12e8a0.txt,733.1416
ef053659-9a4d-4069-bbbc-61be3e12e8a0.txt,927.864
ef053659-9a4d-4069-bbbc-61be3e12e8a0.txt,499.20392
ef053659-9a4d-4069-bbbc-61be3e12e8a0.txt,613.5189
ef053659-9a4d-4069-bbbc-61be3e12e8a0.txt,556.56384
ef053659-9a4d-4069-bbbc-61be3e12e8a0.txt,832.87317
ef053659-9a4d-4069-bbbc-61be3e12e8a0.txt,979.2908
ef053659-9a4d-4069-bbbc-61be3e12e8a0.txt,487.03506
ef053659-9a4d-4069-bbbc-61be3e12e8a0.txt,634.9728
ef053659-9a4d-4069-bbbc-61be3e12e8a0.txt,698.238
ef053659-9a4d-4069-bbbc-61be3e12e8a0.txt,707.10004
ef053659-9a4d-4069-bbbc-61be3e12e8a0.txt,1560.1842
ef053659-9a4d-4069-bbbc-61be3e12e8a0.txt,665.82574
ef053659-9a4d-4069-bbbc-61be3e12e8a0.txt,744.87976
ef053659-9a4d-4069-bbbc-61be3e12e8a0.txt,892.6271
ef053659-9a4d-4069-bbbc-61be3e12e8a0.txt,1384.3545
ef053659-9a4d-4069-bbbc-61be3e12e8a0.txt,1082.3909
ef053659-9a4d-4069-bbbc-61be3e12e8a0.txt,1568.4027
ef053659-9a4d-4069-bbbc-61be3e12e8a0.txt,574.9822
db51a9a0-0ae3-4e32-8b37-3ab8b53d6710.txt,1486.3047
db51a9a0-0ae3-4e32-8b37-3ab8b53d6710.txt,712.8906
db51a9a0-0ae3-4e32-8b37-3ab8b53d6710.txt,516.87573
db51a9a0-0ae3-4e32-8b37-3ab8b53d6710.txt,1519.4595
db51a9a0-0ae3-4e32-8b37-3ab8b53d6710.txt,956.7181
db51a9a0-0ae3-4e32-8b37-3ab8b53d6710.txt,472.0629
db51a9a0-0ae3-4e32-8b37-3ab8b53d6710.txt,1224.7072
db51a9a0-0ae3-4e32-8b37-3ab8b53d6710.txt,687.794
db51a9a0-0ae3-4e32-8b37-3ab8b53d6710.txt,397.36304
db51a9a0-0ae3-4e32-8b37-3ab8b53d6710.txt,851.69794
db51a9a0-0ae3-4e32-8b37-3ab8b53d6710.txt,445.14395
db51a9a0-0ae3-4e32-8b37-3ab8b53d6710.txt,1156.7184
db51a9a0-0ae3-4e32-8b37-3ab8b53d6710.txt,1200.3049
db51a9a0-0ae3-4e32-8b37-3ab8b53d6710.txt,579.99255
db51a9a0-0ae3-4e32-8b37-3ab8b53d6710.txt,723.6342
db51a9a0-0ae3-4e32-8b37-3ab8b53d6710.txt,598.5002
db51a9a0-0ae3-4e32-8b37-3ab8b53d6710.txt,476.2144
db51a9a0-0ae3-4e32-8b37-3ab8b53d6710.txt,948.92303
db51a9a0-0ae3-4e32-8b37-3ab8b53d6710.txt,474.48996
db51a9a0-0ae3-4e32-8b37-3ab8b53d6710.txt,674.2953
db51a9a0-0ae3-4e32-8b37-3ab8b53d6710.txt,666.13354
db51a9a0-0ae3-4e32-8b37-3ab8b53d6710.txt,614.11615
db51a9a0-0ae3-4e32-8b37-3ab8b53d6710.txt,316.79678
db51a9a0-0ae3-4e32-8b37-3ab8b53d6710.txt,489.41547
e7b71bb5-34a9-4ff2-aba1-1d62891dc80b.txt,812.0885
e7b71bb5-34a9-4ff2-aba1-1d62891dc80b.txt,860.65326
e7b71bb5-34a9-4ff2-aba1-1d62891dc80b.txt,626.0637
e7b71bb5-34a9-4ff2-aba1-1d62891dc80b.txt,1071.9847
e7b71bb5-34a9-4ff2-aba1-1d62891dc80b.txt,1006.31665
e7b71bb5-34a9-4ff2-aba1-1d62891dc80b.txt,647.53204
e7b71bb5-34a9-4ff2-aba1-1d62891dc80b.txt,843.4714
e7b71bb5-34a9-4ff2-aba1-1d62891dc80b.txt,1323.896
e7b71bb5-34a9-4ff2-aba1-1d62891dc80b.txt,514.1606
e7b71bb5-34a9-4ff2-aba1-1d62891dc80b.txt,524.71387
e7b71bb5-34a9-4ff2-aba1-1d62891dc80b.txt,928.68115
e7b71bb5-34a9-4ff2-aba1-1d62891dc80b.txt,1034.7792
e7b71bb5-34a9-4ff2-aba1-1d62891dc80b.txt,402.54382
e7b71bb5-34a9-4ff2-aba1-1d62891dc80b.txt,1332.4651
e7b71bb5-34a9-4ff2-aba1-1d62891dc80b.txt,1188.617
e7b71bb5-34a9-4ff2-aba1-1d62891dc80b.txt,780.52435
e7b71bb5-34a9-4ff2-aba1-1d62891dc80b.txt,416.4857
e7b71bb5-34a9-4ff2-aba1-1d62891dc80b.txt,1273.9952
e7b71bb5-34a9-4ff2-aba1-1d62891dc80b.txt,578.29266
e7b71bb5-34a9-4ff2-aba1-1d62891dc80b.txt,886.2633
e7b71bb5-34a9-4ff2-aba1-1d62891dc80b.txt,722.2356
e7b71bb5-34a9-4ff2-aba1-1d62891dc80b.txt,602.9846
e7b71bb5-34a9-4ff2-aba1-1d62891dc80b.txt,918.88464
e7b71bb5-34a9-4ff2-aba1-1d62891dc80b.txt,438.1101
e7b71bb5-34a9-4ff2-aba1-1d62891dc80b.txt,426.2259
e7b71bb5-34a9-4ff2-aba1-1d62891dc80b.txt,769.28595
e7b71bb5-34a9-4ff2-aba1-1d62891dc80b.txt,910.47394
e7b71bb5-34a9-4ff2-aba1-1d62891dc80b.txt,633.43964
e7b71bb5-34a9-4ff2-aba1-1d62891dc80b.txt,1187.3706
e7b71bb5-34a9-4ff2-aba1-1d62891dc80b.txt,1057.6365
e7b71bb5-34a9-4ff2-aba1-1d62891dc80b.txt,1840.8241
e7b71bb5-34a9-4ff2-aba1-1d62891dc80b.txt,479.10352
da1c3cf6-e628-4ca0-935c-5f91aa35db4f.txt,1202.9525
da1c3cf6-e628-4ca0-935c-5f91aa35db4f.txt,740.77563
da1c3cf6-e628-4ca0-935c-5f91aa35db4f.txt,396.56454
da1c3cf6-e628-4ca0-935c-5f91aa35db4f.txt,329.8969
da1c3cf6-e628-4ca0-935c-5f91aa35db4f.txt,259.45273
da1c3cf6-e628-4ca0-935c-5f91aa35db4f.txt,634.6869
da1c3cf6-e628-4ca0-935c-5f91aa35db4f.txt,877.61017
da1c3cf6-e628-4ca0-935c-5f91aa35db4f.txt,530.72906
da1c3cf6-e628-4ca0-935c-5f91aa35db4f.txt,645.84796
da1c3cf6-e628-4ca0-935c-5f91aa35db4f.txt,229.63669
da1c3cf6-e628-4ca0-935c-5f91aa35db4f.txt,655.06226
da1c3cf6-e628-4ca0-935c-5f91aa35db4f.txt,519.03503
da1c3cf6-e628-4ca0-935c-5f91aa35db4f.txt,451.8753
da1c3cf6-e628-4ca0-935c-5f91aa35db4f.txt,1057.5486
da1c3cf6-e628-4ca0-935c-5f91aa35db4f.txt,364.21246
da1c3cf6-e628-4ca0-935c-5f91aa35db4f.txt,400.01028
da1c3cf6-e628-4ca0-935c-5f91aa35db4f.txt,500.88922
da1c3cf6-e628-4ca0-935c-5f91aa35db4f.txt,944.0968
da1c3cf6-e628-4ca0-935c-5f91aa35db4f.txt,632.7215
da1c3cf6-e628-4ca0-935c-5f91aa35db4f.txt,846.34454
da1c3cf6-e628-4ca0-935c-5f91aa35db4f.txt,669.00244
da1c3cf6-e628-4ca0-935c-5f91aa35db4f.txt,711.79974
da1c3cf6-e628-4ca0-935c-5f91aa35db4f.txt,798.2645
da1c3cf6-e628-4ca0-935c-5f91aa35db4f.txt,626.30444
da1c3cf6-e628-4ca0-935c-5f91aa35db4f.txt,604.3686
da1c3cf6-e628-4ca0-935c-5f91aa35db4f.txt,1280.8545
f1a6a66b-287c-46c8-abe3-a5b7c20ff93f.txt,909.63074
f1a6a66b-287c-46c8-abe3-a5b7c20ff93f.txt,563.1069
f1a6a66b-287c-46c8-abe3-a5b7c20ff93f.txt,1219.1797
f1a6a66b-287c-46c8-abe3-a5b7c20ff93f.txt,1296.6697
f1a6a66b-287c-46c8-abe3-a5b7c20ff93f.txt,429.61322
f1a6a66b-287c-46c8-abe3-a5b7c20ff93f.txt,876.6906
f1a6a66b-287c-46c8-abe3-a5b7c20ff93f.txt,1341.154
f1a6a66b-287c-46c8-abe3-a5b7c20ff93f.txt,674.87067
f1a6a66b-287c-46c8-abe3-a5b7c20ff93f.txt,492.81354
f1a6a66b-287c-46c8-abe3-a5b7c20ff93f.txt,878.3956
f1a6a66b-287c-46c8-abe3-a5b7c20ff93f.txt,560.5607
f1a6a66b-287c-46c8-abe3-a5b7c20ff93f.txt,529.7138
f1a6a66b-287c-46c8-abe3-a5b7c20ff93f.txt,577.56964
f1a6a66b-287c-46c8-abe3-a5b7c20ff93f.txt,862.13696
f1a6a66b-287c-46c8-abe3-a5b7c20ff93f.txt,753.31866
f1a6a66b-287c-46c8-abe3-a5b7c20ff93f.txt,935.67706
f1a6a66b-287c-46c8-abe3-a5b7c20ff93f.txt,646.8583
f1a6a66b-287c-46c8-abe3-a5b7c20ff93f.txt,369.47244
f1a6a66b-287c-46c8-abe3-a5b7c20ff93f.txt,699.56696
f1a6a66b-287c-46c8-abe3-a5b7c20ff93f.txt,826.6128
f1a6a66b-287c-46c8-abe3-a5b7c20ff93f.txt,796.77344
f1a6a66b-287c-46c8-abe3-a5b7c20ff93f.txt,344.8935
f1a6a66b-287c-46c8-abe3-a5b7c20ff93f.txt,383.6623
f1a6a66b-287c-46c8-abe3-a5b7c20ff93f.txt,621.234
f1a6a66b-287c-46c8-abe3-a5b7c20ff93f.txt,600.3634
f1a6a66b-287c-46c8-abe3-a5b7c20ff93f.txt,400.44632
f1a6a66b-287c-46c8-abe3-a5b7c20ff93f.txt,1045.6487
f507b0aa-f8c3-493e-af3e-f0ddf8382f7e.txt,709.6813
f507b0aa-f8c3-493e-af3e-f0ddf8382f7e.txt,1241.9089
f507b0aa-f8c3-493e-af3e-f0ddf8382f7e.txt,643.83264
f507b0aa-f8c3-493e-af3e-f0ddf8382f7e.txt,615.7479
f507b0aa-f8c3-493e-af3e-f0ddf8382f7e.txt,291.27936
f507b0aa-f8c3-493e-af3e-f0ddf8382f7e.txt,460.33047
f507b0aa-f8c3-493e-af3e-f0ddf8382f7e.txt,537.9253
f507b0aa-f8c3-493e-af3e-f0ddf8382f7e.txt,499.55063
f507b0aa-f8c3-493e-af3e-f0ddf8382f7e.txt,548.496
f507b0aa-f8c3-493e-af3e-f0ddf8382f7e.txt,522.83435
f507b0aa-f8c3-493e-af3e-f0ddf8382f7e.txt,738.40155
f507b0aa-f8c3-493e-af3e-f0ddf8382f7e.txt,734.8793
f507b0aa-f8c3-493e-af3e-f0ddf8382f7e.txt,638.88654
f507b0aa-f8c3-493e-af3e-f0ddf8382f7e.txt,433.0394
f507b0aa-f8c3-493e-af3e-f0ddf8382f7e.txt,608.96765
f507b0aa-f8c3-493e-af3e-f0ddf8382f7e.txt,670.1337
f507b0aa-f8c3-493e-af3e-f0ddf8382f7e.txt,491.3621
f507b0aa-f8c3-493e-af3e-f0ddf8382f7e.txt,638.1788
f507b0aa-f8c3-493e-af3e-f0ddf8382f7e.txt,649.26117
f507b0aa-f8c3-493e-af3e-f0ddf8382f7e.txt,692.8345
f507b0aa-f8c3-493e-af3e-f0ddf8382f7e.txt,810.28107
f507b0aa-f8c3-493e-af3e-f0ddf8382f7e.txt,318.20602
f507b0aa-f8c3-493e-af3e-f0ddf8382f7e.txt,1388.4077
f507b0aa-f8c3-493e-af3e-f0ddf8382f7e.txt,1019.18097
f507b0aa-f8c3-493e-af3e-f0ddf8382f7e.txt,1066.3822
f507b0aa-f8c3-493e-af3e-f0ddf8382f7e.txt,868.35223
f507b0aa-f8c3-493e-af3e-f0ddf8382f7e.txt,1111.1895
f507b0aa-f8c3-493e-af3e-f0ddf8382f7e.txt,931.20087
f507b0aa-f8c3-493e-af3e-f0ddf8382f7e.txt,779.5549
f507b0aa-f8c3-493e-af3e-f0ddf8382f7e.txt,1262.0333
f507b0aa-f8c3-493e-af3e-f0ddf8382f7e.txt,718.9311
f44d9af7-f4db-492f-9506-4f3d5feb82eb.txt,636.7518
f44d9af7-f4db-492f-9506-4f3d5feb82eb.txt,992.4143
f44d9af7-f4db-492f-9506-4f3d5feb82eb.txt,1618.3545
f44d9af7-f4db-492f-9506-4f3d5feb82eb.txt,1121.4989
f44d9af7-f4db-492f-9506-4f3d5feb82eb.txt,797.7955
f44d9af7-f4db-492f-9506-4f3d5feb82eb.txt,708.0901
f44d9af7-f4db-492f-9506-4f3d5feb82eb.txt,887.2013
f44d9af7-f4db-492f-9506-4f3d5feb82eb.txt,640.62683
f44d9af7-f4db-492f-9506-4f3d5feb82eb.txt,1210.9519
f44d9af7-f4db-492f-9506-4f3d5feb82eb.txt,1055.5344
f44d9af7-f4db-492f-9506-4f3d5feb82eb.txt,657.5628
f44d9af7-f4db-492f-9506-4f3d5feb82eb.txt,647.4455
f44d9af7-f4db-492f-9506-4f3d5feb82eb.txt,908.7874
f44d9af7-f4db-492f-9506-4f3d5feb82eb.txt,683.33246
e4385cde-cf2d-4bf4-8bb6-696aa0a7abb1.txt,1132.541
e4385cde-cf2d-4bf4-8bb6-696aa0a7abb1.txt,862.8769
e4385cde-cf2d-4bf4-8bb6-696aa0a7abb1.txt,2077.2644
e4385cde-cf2d-4bf4-8bb6-696aa0a7abb1.txt,765.42474
e4385cde-cf2d-4bf4-8bb6-696aa0a7abb1.txt,877.90137
e4385cde-cf2d-4bf4-8bb6-696aa0a7abb1.txt,1170.6808
e4385cde-cf2d-4bf4-8bb6-696aa0a7abb1.txt,479.07715
e4385cde-cf2d-4bf4-8bb6-696aa0a7abb1.txt,918.2778
e4385cde-cf2d-4bf4-8bb6-696aa0a7abb1.txt,987.63306
e4385cde-cf2d-4bf4-8bb6-696aa0a7abb1.txt,664.59216
e4385cde-cf2d-4bf4-8bb6-696aa0a7abb1.txt,863.31696
e4385cde-cf2d-4bf4-8bb6-696aa0a7abb1.txt,720.2041
e4385cde-cf2d-4bf4-8bb6-696aa0a7abb1.txt,585.3837
e4385cde-cf2d-4bf4-8bb6-696aa0a7abb1.txt,568.5338
e4385cde-cf2d-4bf4-8bb6-696aa0a7abb1.txt,567.05023
e4385cde-cf2d-4bf4-8bb6-696aa0a7abb1.txt,821.58276
e4385cde-cf2d-4bf4-8bb6-696aa0a7abb1.txt,422.09708
e4385cde-cf2d-4bf4-8bb6-696aa0a7abb1.txt,706.0639
e4385cde-cf2d-4bf4-8bb6-696aa0a7abb1.txt,532.4992
e4385cde-cf2d-4bf4-8bb6-696aa0a7abb1.txt,897.5799
e4385cde-cf2d-4bf4-8bb6-696aa0a7abb1.txt,691.6696
e4385cde-cf2d-4bf4-8bb6-696aa0a7abb1.txt,406.81873
e4385cde-cf2d-4bf4-8bb6-696aa0a7abb1.txt,391.21915
e4385cde-cf2d-4bf4-8bb6-696aa0a7abb1.txt,628.1104
e4385cde-cf2d-4bf4-8bb6-696aa0a7abb1.txt,974.9477
e4385cde-cf2d-4bf4-8bb6-696aa0a7abb1.txt,706.9805
e4385cde-cf2d-4bf4-8bb6-696aa0a7abb1.txt,366.9937
fad80500-cf28-4a05-8e65-8ac4aa89a4aa.txt,681.80505
fad80500-cf28-4a05-8e65-8ac4aa89a4aa.txt,402.68973
fad80500-cf28-4a05-8e65-8ac4aa89a4aa.txt,1060.4762
fad80500-cf28-4a05-8e65-8ac4aa89a4aa.txt,846.8837
fad80500-cf28-4a05-8e65-8ac4aa89a4aa.txt,555.1703
fad80500-cf28-4a05-8e65-8ac4aa89a4aa.txt,410.85403
fad80500-cf28-4a05-8e65-8ac4aa89a4aa.txt,469.07806
fad80500-cf28-4a05-8e65-8ac4aa89a4aa.txt,1180.4956
fad80500-cf28-4a05-8e65-8ac4aa89a4aa.txt,646.5565
fad80500-cf28-4a05-8e65-8ac4aa89a4aa.txt,576.4441
fad80500-cf28-4a05-8e65-8ac4aa89a4aa.txt,452.2231
fad80500-cf28-4a05-8e65-8ac4aa89a4aa.txt,962.49365
fad80500-cf28-4a05-8e65-8ac4aa89a4aa.txt,1604.1383
fad80500-cf28-4a05-8e65-8ac4aa89a4aa.txt,662.5074
fad80500-cf28-4a05-8e65-8ac4aa89a4aa.txt,633.0574
fad80500-cf28-4a05-8e65-8ac4aa89a4aa.txt,1280.9706
fad80500-cf28-4a05-8e65-8ac4aa89a4aa.txt,925.32
fad80500-cf28-4a05-8e65-8ac4aa89a4aa.txt,740.6823
fad80500-cf28-4a05-8e65-8ac4aa89a4aa.txt,706.1205
fad80500-cf28-4a05-8e65-8ac4aa89a4aa.txt,951.328
fad80500-cf28-4a05-8e65-8ac4aa89a4aa.txt,1497.3508
e33d63fd-2313-4146-ab4b-8aaa4cb10f62.txt,762.4884
e33d63fd-2313-4146-ab4b-8aaa4cb10f62.txt,1012.0768
e33d63fd-2313-4146-ab4b-8aaa4cb10f62.txt,1021.5177
e33d63fd-2313-4146-ab4b-8aaa4cb10f62.txt,1043.5312
e33d63fd-2313-4146-ab4b-8aaa4cb10f62.txt,568.4724
e33d63fd-2313-4146-ab4b-8aaa4cb10f62.txt,1228.161
e33d63fd-2313-4146-ab4b-8aaa4cb10f62.txt,1259.0575
e33d63fd-2313-4146-ab4b-8aaa4cb10f62.txt,974.8891
e33d63fd-2313-4146-ab4b-8aaa4cb10f62.txt,874.46313
e33d63fd-2313-4146-ab4b-8aaa4cb10f62.txt,576.25885
e33d63fd-2313-4146-ab4b-8aaa4cb10f62.txt,672.42413
e33d63fd-2313-4146-ab4b-8aaa4cb10f62.txt,406.48322
e33d63fd-2313-4146-ab4b-8aaa4cb10f62.txt,1094.2572
e33d63fd-2313-4146-ab4b-8aaa4cb10f62.txt,349.54178
e33d63fd-2313-4146-ab4b-8aaa4cb10f62.txt,759.7069
e33d63fd-2313-4146-ab4b-8aaa4cb10f62.txt,623.13934
e33d63fd-2313-4146-ab4b-8aaa4cb10f62.txt,456.5787
e33d63fd-2313-4146-ab4b-8aaa4cb10f62.txt,748.4284
e33d63fd-2313-4146-ab4b-8aaa4cb10f62.txt,1819.3636
e33d63fd-2313-4146-ab4b-8aaa4cb10f62.txt,626.70056
e33d63fd-2313-4146-ab4b-8aaa4cb10f62.txt,1169.5271
e33d63fd-2313-4146-ab4b-8aaa4cb10f62.txt,264.623
fd9ab861-38a0-4cef-ae42-b821d53498e4.txt,918.7987
fd9ab861-38a0-4cef-ae42-b821d53498e4.txt,1009.6769
fd9ab861-38a0-4cef-ae42-b821d53498e4.txt,1185.139
fd9ab861-38a0-4cef-ae42-b821d53498e4.txt,1561.48
fd9ab861-38a0-4cef-ae42-b821d53498e4.txt,1036.125
fd9ab861-38a0-4cef-ae42-b821d53498e4.txt,263.07507
fd9ab861-38a0-4cef-ae42-b821d53498e4.txt,345.4395
fd9ab861-38a0-4cef-ae42-b821d53498e4.txt,667.96454
fd9ab861-38a0-4cef-ae42-b821d53498e4.txt,2288.7314
fd9ab861-38a0-4cef-ae42-b821d53498e4.txt,508.9684
fd9ab861-38a0-4cef-ae42-b821d53498e4.txt,323.93466
fd9ab861-38a0-4cef-ae42-b821d53498e4.txt,332.15445
fd9ab861-38a0-4cef-ae42-b821d53498e4.txt,526.014
fd9ab861-38a0-4cef-ae42-b821d53498e4.txt,486.2912
fd9ab861-38a0-4cef-ae42-b821d53498e4.txt,2159.43
fd9ab861-38a0-4cef-ae42-b821d53498e4.txt,640.9362
fd9ab861-38a0-4cef-ae42-b821d53498e4.txt,326.3625
fd9ab861-38a0-4cef-ae42-b821d53498e4.txt,460.46384
fd9ab861-38a0-4cef-ae42-b821d53498e4.txt,459.6052
fd9ab861-38a0-4cef-ae42-b821d53498e4.txt,445.9137
fd9ab861-38a0-4cef-ae42-b821d53498e4.txt,730.19366
fd9ab861-38a0-4cef-ae42-b821d53498e4.txt,503.4421
fd9ab861-38a0-4cef-ae42-b821d53498e4.txt,613.2676
fd9ab861-38a0-4cef-ae42-b821d53498e4.txt,573.62836
fd9ab861-38a0-4cef-ae42-b821d53498e4.txt,679.25104
e7c89a01-220a-4334-818e-6e355ae36c2b.txt,1009.0823
e7c89a01-220a-4334-818e-6e355ae36c2b.txt,885.0752
e7c89a01-220a-4334-818e-6e355ae36c2b.txt,612.0842
e7c89a01-220a-4334-818e-6e355ae36c2b.txt,930.541
e7c89a01-220a-4334-818e-6e355ae36c2b.txt,1519.2587
e7c89a01-220a-4334-818e-6e355ae36c2b.txt,828.2225
e7c89a01-220a-4334-818e-6e355ae36c2b.txt,581.3505
e7c89a01-220a-4334-818e-6e355ae36c2b.txt,817.9278
e7c89a01-220a-4334-818e-6e355ae36c2b.txt,688.7481
e7c89a01-220a-4334-818e-6e355ae36c2b.txt,663.4734
e7c89a01-220a-4334-818e-6e355ae36c2b.txt,2458.445
e7c89a01-220a-4334-818e-6e355ae36c2b.txt,1379.2555
e7c89a01-220a-4334-818e-6e355ae36c2b.txt,598.40814
e7c89a01-220a-4334-818e-6e355ae36c2b.txt,1575.0502
e7c89a01-220a-4334-818e-6e355ae36c2b.txt,885.63763
e7c89a01-220a-4334-818e-6e355ae36c2b.txt,854.2096
e7c89a01-220a-4334-818e-6e355ae36c2b.txt,1325.0837
e7c89a01-220a-4334-818e-6e355ae36c2b.txt,1558.6484
e7c89a01-220a-4334-818e-6e355ae36c2b.txt,1033.1797
e7c89a01-220a-4334-818e-6e355ae36c2b.txt,458.14954
e7c89a01-220a-4334-818e-6e355ae36c2b.txt,655.5304
e7c89a01-220a-4334-818e-6e355ae36c2b.txt,734.3552
e7c89a01-220a-4334-818e-6e355ae36c2b.txt,1251.9392
e7c89a01-220a-4334-818e-6e355ae36c2b.txt,443.45993
e7c89a01-220a-4334-818e-6e355ae36c2b.txt,419.26437
e7c89a01-220a-4334-818e-6e355ae36c2b.txt,630.40594
e7c89a01-220a-4334-818e-6e355ae36c2b.txt,466.40753
e7c89a01-220a-4334-818e-6e355ae36c2b.txt,325.48685
fc0defbc-e893-4465-96e4-158f886ff513.txt,486.15204
fc0defbc-e893-4465-96e4-158f886ff513.txt,729.77747
fc0defbc-e893-4465-96e4-158f886ff513.txt,706.81006
fc0defbc-e893-4465-96e4-158f886ff513.txt,820.0873
fc0defbc-e893-4465-96e4-158f886ff513.txt,704.0331
fc0defbc-e893-4465-96e4-158f886ff513.txt,816.423
fc0defbc-e893-4465-96e4-158f886ff513.txt,1378.7401
fc0defbc-e893-4465-96e4-158f886ff513.txt,814.6044
fc0defbc-e893-4465-96e4-158f886ff513.txt,880.17834
fc0defbc-e893-4465-96e4-158f886ff513.txt,421.63937
fc0defbc-e893-4465-96e4-158f886ff513.txt,413.32092
fc0defbc-e893-4465-96e4-158f886ff513.txt,401.56058
fc0defbc-e893-4465-96e4-158f886ff513.txt,543.7252
ead6caf4-8feb-4ade-831d-abd720fac240.txt,441.44266
ead6caf4-8feb-4ade-831d-abd720fac240.txt,529.4062
ead6caf4-8feb-4ade-831d-abd720fac240.txt,823.3501
ead6caf4-8feb-4ade-831d-abd720fac240.txt,541.0797
ead6caf4-8feb-4ade-831d-abd720fac240.txt,535.73236
ead6caf4-8feb-4ade-831d-abd720fac240.txt,1081.5265
ead6caf4-8feb-4ade-831d-abd720fac240.txt,634.44055
ead6caf4-8feb-4ade-831d-abd720fac240.txt,884.2795
ead6caf4-8feb-4ade-831d-abd720fac240.txt,1847.8265
ead6caf4-8feb-4ade-831d-abd720fac240.txt,613.00696
ead6caf4-8feb-4ade-831d-abd720fac240.txt,493.16028
ead6caf4-8feb-4ade-831d-abd720fac240.txt,731.2272
ead6caf4-8feb-4ade-831d-abd720fac240.txt,612.5369
ead6caf4-8feb-4ade-831d-abd720fac240.txt,1073.576
ead6caf4-8feb-4ade-831d-abd720fac240.txt,521.44745
ead6caf4-8feb-4ade-831d-abd720fac240.txt,434.2166
ead6caf4-8feb-4ade-831d-abd720fac240.txt,741.95984
ead6caf4-8feb-4ade-831d-abd720fac240.txt,1004.6465
e270309b-0ccc-48a9-a4f5-2c7e54e57f73.txt,993.42285
e270309b-0ccc-48a9-a4f5-2c7e54e57f73.txt,403.25278
e270309b-0ccc-48a9-a4f5-2c7e54e57f73.txt,959.57983
e270309b-0ccc-48a9-a4f5-2c7e54e57f73.txt,359.2092
e270309b-0ccc-48a9-a4f5-2c7e54e57f73.txt,725.32837
e270309b-0ccc-48a9-a4f5-2c7e54e57f73.txt,1159.6965
e270309b-0ccc-48a9-a4f5-2c7e54e57f73.txt,979.89966
e270309b-0ccc-48a9-a4f5-2c7e54e57f73.txt,723.99445
e270309b-0ccc-48a9-a4f5-2c7e54e57f73.txt,213.79503
e270309b-0ccc-48a9-a4f5-2c7e54e57f73.txt,955.0011
e270309b-0ccc-48a9-a4f5-2c7e54e57f73.txt,308.64322
e270309b-0ccc-48a9-a4f5-2c7e54e57f73.txt,619.50574
e270309b-0ccc-48a9-a4f5-2c7e54e57f73.txt,609.96466
e270309b-0ccc-48a9-a4f5-2c7e54e57f73.txt,940.3776
e270309b-0ccc-48a9-a4f5-2c7e54e57f73.txt,425.79
e270309b-0ccc-48a9-a4f5-2c7e54e57f73.txt,585.2218
e270309b-0ccc-48a9-a4f5-2c7e54e57f73.txt,724.97205
e270309b-0ccc-48a9-a4f5-2c7e54e57f73.txt,375.05954
e270309b-0ccc-48a9-a4f5-2c7e54e57f73.txt,530.68085
e270309b-0ccc-48a9-a4f5-2c7e54e57f73.txt,616.3338
e270309b-0ccc-48a9-a4f5-2c7e54e57f73.txt,460.7236
d13188a7-4577-4a5d-82ad-8bb00f6b9422.txt,1171.8228
d13188a7-4577-4a5d-82ad-8bb00f6b9422.txt,754.32074
d13188a7-4577-4a5d-82ad-8bb00f6b9422.txt,1250.1134
d13188a7-4577-4a5d-82ad-8bb00f6b9422.txt,686.5496
d13188a7-4577-4a5d-82ad-8bb00f6b9422.txt,870.8866
d13188a7-4577-4a5d-82ad-8bb00f6b9422.txt,446.29233
d13188a7-4577-4a5d-82ad-8bb00f6b9422.txt,430.58203
d13188a7-4577-4a5d-82ad-8bb00f6b9422.txt,688.98334
d13188a7-4577-4a5d-82ad-8bb00f6b9422.txt,451.80945
d13188a7-4577-4a5d-82ad-8bb00f6b9422.txt,400.1461
d13188a7-4577-4a5d-82ad-8bb00f6b9422.txt,1180.8832
d13188a7-4577-4a5d-82ad-8bb00f6b9422.txt,686.0774
d13188a7-4577-4a5d-82ad-8bb00f6b9422.txt,2029.564
d13188a7-4577-4a5d-82ad-8bb00f6b9422.txt,1516.5
d13188a7-4577-4a5d-82ad-8bb00f6b9422.txt,871.7881
f746c7d0-8cca-4cb7-8166-7d99b0bfd20d.txt,674.18646
f746c7d0-8cca-4cb7-8166-7d99b0bfd20d.txt,1564.8535
f746c7d0-8cca-4cb7-8166-7d99b0bfd20d.txt,1664.9685
f746c7d0-8cca-4cb7-8166-7d99b0bfd20d.txt,628.19653
f746c7d0-8cca-4cb7-8166-7d99b0bfd20d.txt,1048.9253
f746c7d0-8cca-4cb7-8166-7d99b0bfd20d.txt,1083.5942
f746c7d0-8cca-4cb7-8166-7d99b0bfd20d.txt,645.2471
f746c7d0-8cca-4cb7-8166-7d99b0bfd20d.txt,468.22324
f746c7d0-8cca-4cb7-8166-7d99b0bfd20d.txt,524.98346
f746c7d0-8cca-4cb7-8166-7d99b0bfd20d.txt,1211.5068
f746c7d0-8cca-4cb7-8166-7d99b0bfd20d.txt,593.3605
f746c7d0-8cca-4cb7-8166-7d99b0bfd20d.txt,441.9176
f746c7d0-8cca-4cb7-8166-7d99b0bfd20d.txt,608.8016
f746c7d0-8cca-4cb7-8166-7d99b0bfd20d.txt,728.99243
f746c7d0-8cca-4cb7-8166-7d99b0bfd20d.txt,137.36555
f746c7d0-8cca-4cb7-8166-7d99b0bfd20d.txt,837.3869
f746c7d0-8cca-4cb7-8166-7d99b0bfd20d.txt,1112.473
f746c7d0-8cca-4cb7-8166-7d99b0bfd20d.txt,1337.7052
f746c7d0-8cca-4cb7-8166-7d99b0bfd20d.txt,838.0331
f746c7d0-8cca-4cb7-8166-7d99b0bfd20d.txt,1083.5471
f746c7d0-8cca-4cb7-8166-7d99b0bfd20d.txt,756.6485
f746c7d0-8cca-4cb7-8166-7d99b0bfd20d.txt,870.68835
f746c7d0-8cca-4cb7-8166-7d99b0bfd20d.txt,799.8749
f746c7d0-8cca-4cb7-8166-7d99b0bfd20d.txt,645.00085
f746c7d0-8cca-4cb7-8166-7d99b0bfd20d.txt,802.24414
f746c7d0-8cca-4cb7-8166-7d99b0bfd20d.txt,1137.3699
f746c7d0-8cca-4cb7-8166-7d99b0bfd20d.txt,483.20853
ee6de574-7cd6-43dd-83f1-37728b2d9a9c.txt,1138.6793
ee6de574-7cd6-43dd-83f1-37728b2d9a9c.txt,480.77344
ee6de574-7cd6-43dd-83f1-37728b2d9a9c.txt,1743.6649
ee6de574-7cd6-43dd-83f1-37728b2d9a9c.txt,1721.0851
ee6de574-7cd6-43dd-83f1-37728b2d9a9c.txt,561.48804
ee6de574-7cd6-43dd-83f1-37728b2d9a9c.txt,446.09933
ee6de574-7cd6-43dd-83f1-37728b2d9a9c.txt,412.26312
ee6de574-7cd6-43dd-83f1-37728b2d9a9c.txt,550.92505
ee6de574-7cd6-43dd-83f1-37728b2d9a9c.txt,422.6886
ee6de574-7cd6-43dd-83f1-37728b2d9a9c.txt,348.04282
ee6de574-7cd6-43dd-83f1-37728b2d9a9c.txt,502.95862
ee6de574-7cd6-43dd-83f1-37728b2d9a9c.txt,450.93344
ee6de574-7cd6-43dd-83f1-37728b2d9a9c.txt,766.41425
ee6de574-7cd6-43dd-83f1-37728b2d9a9c.txt,666.98
ee6de574-7cd6-43dd-83f1-37728b2d9a9c.txt,574.50665
ee6de574-7cd6-43dd-83f1-37728b2d9a9c.txt,733.91815
ee6de574-7cd6-43dd-83f1-37728b2d9a9c.txt,788.38916
e98d843a-5b8d-4f1b-8030-9973259e0e87.txt,503.148
e98d843a-5b8d-4f1b-8030-9973259e0e87.txt,582.8094
e98d843a-5b8d-4f1b-8030-9973259e0e87.txt,836.6269
e98d843a-5b8d-4f1b-8030-9973259e0e87.txt,562.62213
e98d843a-5b8d-4f1b-8030-9973259e0e87.txt,512.48724
e98d843a-5b8d-4f1b-8030-9973259e0e87.txt,522.9873
e98d843a-5b8d-4f1b-8030-9973259e0e87.txt,1172.9373
e98d843a-5b8d-4f1b-8030-9973259e0e87.txt,952.70465
e98d843a-5b8d-4f1b-8030-9973259e0e87.txt,1635.8818
e98d843a-5b8d-4f1b-8030-9973259e0e87.txt,664.40753
e98d843a-5b8d-4f1b-8030-9973259e0e87.txt,437.59402
e98d843a-5b8d-4f1b-8030-9973259e0e87.txt,563.1763
e98d843a-5b8d-4f1b-8030-9973259e0e87.txt,1114.5048
e98d843a-5b8d-4f1b-8030-9973259e0e87.txt,857.348
e98d843a-5b8d-4f1b-8030-9973259e0e87.txt,558.317
e98d843a-5b8d-4f1b-8030-9973259e0e87.txt,996.2811
e98d843a-5b8d-4f1b-8030-9973259e0e87.txt,313.81436
e98d843a-5b8d-4f1b-8030-9973259e0e87.txt,624.71576
db8b8e6c-315b-4a8e-bb27-d077647011c5.txt,756.5068
db8b8e6c-315b-4a8e-bb27-d077647011c5.txt,683.5508
db8b8e6c-315b-4a8e-bb27-d077647011c5.txt,1440.1508
db8b8e6c-315b-4a8e-bb27-d077647011c5.txt,1029.8435
db8b8e6c-315b-4a8e-bb27-d077647011c5.txt,2046.4835
db8b8e6c-315b-4a8e-bb27-d077647011c5.txt,1512.5557
db8b8e6c-315b-4a8e-bb27-d077647011c5.txt,1171.82
db8b8e6c-315b-4a8e-bb27-d077647011c5.txt,1098.0879
db8b8e6c-315b-4a8e-bb27-d077647011c5.txt,785.0627
db8b8e6c-315b-4a8e-bb27-d077647011c5.txt,1201.5044
db8b8e6c-315b-4a8e-bb27-d077647011c5.txt,1015.1504
db8b8e6c-315b-4a8e-bb27-d077647011c5.txt,1490.8108
db8b8e6c-315b-4a8e-bb27-d077647011c5.txt,770.90015
db8b8e6c-315b-4a8e-bb27-d077647011c5.txt,1106.623
db8b8e6c-315b-4a8e-bb27-d077647011c5.txt,1424.1782
db8b8e6c-315b-4a8e-bb27-d077647011c5.txt,1256.3291
db8b8e6c-315b-4a8e-bb27-d077647011c5.txt,580.27075
db8b8e6c-315b-4a8e-bb27-d077647011c5.txt,663.3055
db8b8e6c-315b-4a8e-bb27-d077647011c5.txt,733.67566
db8b8e6c-315b-4a8e-bb27-d077647011c5.txt,558.7108
db8b8e6c-315b-4a8e-bb27-d077647011c5.txt,564.89905
db8b8e6c-315b-4a8e-bb27-d077647011c5.txt,783.1784
db8b8e6c-315b-4a8e-bb27-d077647011c5.txt,805.1776
dc1a4d64-dbce-40d2-aebc-f55600c1029d.txt,577.9784
dc1a4d64-dbce-40d2-aebc-f55600c1029d.txt,569.4726
dc1a4d64-dbce-40d2-aebc-f55600c1029d.txt,437.9353
dc1a4d64-dbce-40d2-aebc-f55600c1029d.txt,496.5805
dc1a4d64-dbce-40d2-aebc-f55600c1029d.txt,699.8971
dc1a4d64-dbce-40d2-aebc-f55600c1029d.txt,376.99255
dc1a4d64-dbce-40d2-aebc-f55600c1029d.txt,1013.902
dc1a4d64-dbce-40d2-aebc-f55600c1029d.txt,1343.0717
dc1a4d64-dbce-40d2-aebc-f55600c1029d.txt,574.161
dc1a4d64-dbce-40d2-aebc-f55600c1029d.txt,759.87646
dc1a4d64-dbce-40d2-aebc-f55600c1029d.txt,543.52295
dc1a4d64-dbce-40d2-aebc-f55600c1029d.txt,738.93555
dc1a4d64-dbce-40d2-aebc-f55600c1029d.txt,426.77487
dc1a4d64-dbce-40d2-aebc-f55600c1029d.txt,451.3787
dc1a4d64-dbce-40d2-aebc-f55600c1029d.txt,703.27606
dc1a4d64-dbce-40d2-aebc-f55600c1029d.txt,541.40497
dc1a4d64-dbce-40d2-aebc-f55600c1029d.txt,1013.8696
dc1a4d64-dbce-40d2-aebc-f55600c1029d.txt,515.6999
dc1a4d64-dbce-40d2-aebc-f55600c1029d.txt,1340.6134
dc1a4d64-dbce-40d2-aebc-f55600c1029d.txt,432.77765
dc1a4d64-dbce-40d2-aebc-f55600c1029d.txt,717.81006
dc1a4d64-dbce-40d2-aebc-f55600c1029d.txt,884.6528
dc1a4d64-dbce-40d2-aebc-f55600c1029d.txt,1009.15594
dc1a4d64-dbce-40d2-aebc-f55600c1029d.txt,1121.9062
dc1a4d64-dbce-40d2-aebc-f55600c1029d.txt,444.24753
dc1a4d64-dbce-40d2-aebc-f55600c1029d.txt,343.86597
dc1a4d64-dbce-40d2-aebc-f55600c1029d.txt,829.3403
dc1a4d64-dbce-40d2-aebc-f55600c1029d.txt,703.9632
dc1a4d64-dbce-40d2-aebc-f55600c1029d.txt,862.9522
daa7da5f-f05c-45e1-80f6-63f8f3a2922c.txt,976.8926
daa7da5f-f05c-45e1-80f6-63f8f3a2922c.txt,1407.4816
daa7da5f-f05c-45e1-80f6-63f8f3a2922c.txt,320.3136
daa7da5f-f05c-45e1-80f6-63f8f3a2922c.txt,732.1387
daa7da5f-f05c-45e1-80f6-63f8f3a2922c.txt,1069.8456
daa7da5f-f05c-45e1-80f6-63f8f3a2922c.txt,967.11926
daa7da5f-f05c-45e1-80f6-63f8f3a2922c.txt,1111.3618
daa7da5f-f05c-45e1-80f6-63f8f3a2922c.txt,831.6204
daa7da5f-f05c-45e1-80f6-63f8f3a2922c.txt,438.60352
daa7da5f-f05c-45e1-80f6-63f8f3a2922c.txt,974.20526
daa7da5f-f05c-45e1-80f6-63f8f3a2922c.txt,1758.8474
daa7da5f-f05c-45e1-80f6-63f8f3a2922c.txt,964.8405
daa7da5f-f05c-45e1-80f6-63f8f3a2922c.txt,882.77966
daa7da5f-f05c-45e1-80f6-63f8f3a2922c.txt,787.75433
daa7da5f-f05c-45e1-80f6-63f8f3a2922c.txt,901.1114
daa7da5f-f05c-45e1-80f6-63f8f3a2922c.txt,1666.8212
daa7da5f-f05c-45e1-80f6-63f8f3a2922c.txt,445.9365
daa7da5f-f05c-45e1-80f6-63f8f3a2922c.txt,685.2758
daa7da5f-f05c-45e1-80f6-63f8f3a2922c.txt,223.63167
daa7da5f-f05c-45e1-80f6-63f8f3a2922c.txt,449.57742
daa7da5f-f05c-45e1-80f6-63f8f3a2922c.txt,659.16504
daa7da5f-f05c-45e1-80f6-63f8f3a2922c.txt,687.39465
daa7da5f-f05c-45e1-80f6-63f8f3a2922c.txt,572.73773
daa7da5f-f05c-45e1-80f6-63f8f3a2922c.txt,390.00668
daa7da5f-f05c-45e1-80f6-63f8f3a2922c.txt,714.5453
daa7da5f-f05c-45e1-80f6-63f8f3a2922c.txt,1963.7987
daa7da5f-f05c-45e1-80f6-63f8f3a2922c.txt,644.7009
daa7da5f-f05c-45e1-80f6-63f8f3a2922c.txt,666.68823
daa7da5f-f05c-45e1-80f6-63f8f3a2922c.txt,629.6112
daa7da5f-f05c-45e1-80f6-63f8f3a2922c.txt,508.94775
